Open,High,Low,Close,Volume,Dividends,Stock Splits,symbol,datetime
133.77079666412192,135.4463527150734,132.72233689472782,134.8094482421875,12248100.0,0.0,0.0,JPM,2023-06-01
136.74957237995176,138.63090609424427,136.53400149015155,137.64125061035156,12917200.0,0.0,0.0,JPM,2023-06-02
137.28851099946684,137.28851099946684,135.34838778174515,136.28904724121094,8511900.0,0.0,0.0,JPM,2023-06-05
135.88728393587866,137.27870142966543,135.4267624531454,136.53399658203125,9329500.0,0.0,0.0,JPM,2023-06-06
136.73978437933044,138.42514869970168,136.03428234050008,137.85682678222656,9281400.0,0.0,0.0,JPM,2023-06-07
137.8372372615972,138.05280817828603,136.6711986535566,137.89602661132812,7368100.0,0.0,0.0,JPM,2023-06-08
137.52366668662927,138.9444638959975,137.386486575756,138.1703643798828,7249100.0,0.0,0.0,JPM,2023-06-09
138.22918103342045,138.47414660699508,136.94554886861923,138.16058349609375,7596600.0,0.0,0.0,JPM,2023-06-12
137.65103801505427,139.99290808087147,137.31788845458067,139.1600341796875,7701600.0,0.0,0.0,JPM,2023-06-13
140.12030318282,140.7180197594925,137.86661699447234,138.64071655273438,9068700.0,0.0,0.0,JPM,2023-06-14
137.75882529608114,140.5122357295403,137.21010484761382,140.20848083496094,9343100.0,0.0,0.0,JPM,2023-06-15
140.16929833479506,141.07076981371355,139.6303711051396,140.37506103515625,13812100.0,0.0,0.0,JPM,2023-06-16
139.73816555977808,140.12031126516806,138.1997745460849,139.65977478027344,8428600.0,0.0,0.0,JPM,2023-06-20
140.02230166667331,141.11975749195767,138.83667678372353,139.45399475097656,9926500.0,0.0,0.0,JPM,2023-06-21
139.44420016440873,139.72836860149147,136.15186227037222,136.76918029785156,10075200.0,0.0,0.0,JPM,2023-06-22
135.7501089287697,136.37722016790252,134.84863745698567,136.0538787841797,9907500.0,0.0,0.0,JPM,2023-06-23
136.0734608406522,137.1905031662805,134.91723060513817,136.38702392578125,8429700.0,0.0,0.0,JPM,2023-06-26
136.20086584860408,137.02394662939804,135.75012259159055,136.39683532714844,8154000.0,0.0,0.0,JPM,2023-06-27
136.3576314306824,136.40662753245428,135.1817997457131,135.79910278320312,7558600.0,0.0,0.0,JPM,2023-06-28
137.24931829071636,140.66902811767804,137.033747390554,140.54164123535156,15423200.0,0.0,0.0,JPM,2023-06-29
141.6880887238629,143.05988990674766,140.76701580756392,142.51116943359375,14208500.0,0.0,0.0,JPM,2023-06-30
143.24605245784682,144.51006807348176,143.0598762540417,143.6575927734375,8021600.0,0.0,0.0,JPM,2023-07-03
142.99658778831608,143.48000803383144,142.42436285831218,142.7006072998047,8934900.0,1.0,0.0,JPM,2023-07-05
141.10232486367815,141.46735891250887,139.54350843946682,141.28977966308594,9709500.0,0.0,0.0,JPM,2023-07-06
141.98039017922451,143.8845045991911,141.08258827718183,142.4046173095703,8977500.0,0.0,0.0,JPM,2023-07-07
142.5624873456644,144.0325142609874,142.5624873456644,143.20376586914062,9100100.0,0.0,0.0,JPM,2023-07-10
144.3778081449559,145.83797452177564,143.75626568666206,145.44332885742188,11265600.0,0.0,0.0,JPM,2023-07-11
145.47293257224686,147.86048250606964,145.02896935038032,146.16354370117188,11323200.0,0.0,0.0,JPM,2023-07-12
146.70616734354823,147.36718190649657,145.7689083380004,146.87388610839844,11234900.0,0.0,0.0,JPM,2023-07-13
149.51795737445784,150.8399864823176,146.42006040683495,147.76182556152344,27011600.0,0.0,0.0,JPM,2023-07-14
148.33403897481037,151.68844407412243,148.33403897481037,151.3234100341797,17262400.0,0.0,0.0,JPM,2023-07-17
151.3234259636834,152.32973856689446,150.77093707073777,151.59967041015625,13491700.0,0.0,0.0,JPM,2023-07-18
150.70186010326714,153.12888195365215,150.1789677831853,152.18174743652344,12510000.0,0.0,0.0,JPM,2023-07-19
152.4580008176618,154.4903771326388,152.33961464139313,154.0562744140625,9935900.0,0.0,0.0,JPM,2023-07-20
153.7109690827554,154.04640660238368,152.6158518416928,152.8723602294922,10633100.0,0.0,0.0,JPM,2023-07-21
152.8920984418379,156.66087045135046,152.655311042997,155.8814697265625,14381400.0,0.0,0.0,JPM,2023-07-24
155.19086016320347,155.60522682462144,153.86883104522332,154.71730041503906,9944700.0,0.0,0.0,JPM,2023-07-25
154.60877471161854,156.12811913655912,154.1845324996864,155.64468383789062,8728600.0,0.0,0.0,JPM,2023-07-26
155.65455957679177,156.6510116645095,153.46432503973915,153.9280242919922,10778400.0,0.0,0.0,JPM,2023-07-27
155.1711253826379,155.4868419201195,154.34239205303834,154.80609130859375,9103800.0,0.0,0.0,JPM,2023-07-28
155.07245522617222,157.24296871624222,155.04285868350695,155.84201049804688,8892700.0,0.0,0.0,JPM,2023-07-31
155.31909661180939,155.88146100727818,154.05626066368072,155.07244873046875,6853900.0,0.0,0.0,JPM,2023-08-01
153.4741882264384,153.60244995289932,151.87591463783477,153.3163299560547,8299400.0,0.0,0.0,JPM,2023-08-02
152.92168127938427,154.81593513776141,152.28040283117957,154.2535858154297,6084000.0,0.0,0.0,JPM,2023-08-03
154.3029188598403,155.68415612019575,153.61230775675907,153.9280242919922,6206600.0,0.0,0.0,JPM,2023-08-04
154.5002530960945,155.58549484124043,154.5002530960945,154.65809631347656,7251800.0,0.0,0.0,JPM,2023-08-07
152.25082126300177,153.88855185979725,150.5440069747605,153.78990173339844,8623400.0,0.0,0.0,JPM,2023-08-08
153.23741957974897,153.4347348954023,151.41221903801994,151.72792053222656,6277800.0,0.0,0.0,JPM,2023-08-09
152.31001943620802,153.35580414695667,151.0373078133585,151.50100708007812,5995100.0,0.0,0.0,JPM,2023-08-10
150.97811578992506,152.44814273672645,150.58348515998057,152.3790740966797,5178000.0,0.0,0.0,JPM,2023-08-11
151.550328631124,152.84276115323854,150.86957805280295,152.6947784423828,5044300.0,0.0,0.0,JPM,2023-08-14
150.800536492972,151.21490317059008,148.21565618850641,148.8076171875,10300300.0,0.0,0.0,JPM,2023-08-15
148.58069940201045,148.93587297640207,147.67302189197068,148.1761932373047,6978200.0,0.0,0.0,JPM,2023-08-16
148.85694659597266,149.23184117006957,146.410188569712,146.63711547851562,9953900.0,0.0,0.0,JPM,2023-08-17
145.67024132188826,147.49544177353897,145.46306551964466,146.97254943847656,8516900.0,0.0,0.0,JPM,2023-08-18
147.6434267731444,148.08740503606234,146.035292703577,147.4757080078125,8327000.0,0.0,0.0,JPM,2023-08-21
147.25865565358845,147.63356527602048,143.89438976488591,144.4172821044922,9682000.0,0.0,0.0,JPM,2023-08-22
144.38768461381386,145.61104854560975,143.5096187045569,145.3939971923828,7858000.0,0.0,0.0,JPM,2023-08-23
145.52225857652687,147.40665211415123,145.01910228841578,145.25587463378906,6534000.0,0.0,0.0,JPM,2023-08-24
145.30520469177264,146.62723377771252,143.89438597786497,145.0782928466797,6695500.0,0.0,0.0,JPM,2023-08-25
145.591326966518,146.6173755878458,145.1572242618126,145.58145141601562,5094100.0,0.0,0.0,JPM,2023-08-28
145.72945643144348,146.85417028855855,145.206549017182,146.76536560058594,6337000.0,0.0,0.0,JPM,2023-08-29
146.6272398466651,147.15013219415258,145.21642107436318,146.1734161376953,6277300.0,0.0,0.0,JPM,2023-08-30
146.27206499886785,146.36086968393465,144.00291636528812,144.36795043945312,10933900.0,0.0,0.0,JPM,2023-08-31
144.1311567200474,146.09447933486624,143.7463866155966,144.85137939453125,7902100.0,0.0,0.0,JPM,2023-09-01
145.1868236970621,146.22274788952794,143.06564272121435,143.2530975341797,7854700.0,0.0,0.0,JPM,2023-09-05
142.7598034501256,143.5885367923867,142.17771801121788,143.01632690429688,8629200.0,0.0,0.0,JPM,2023-09-06
142.1974443793935,143.32215813995901,141.4673612156539,141.79293823242188,8373700.0,0.0,0.0,JPM,2023-09-07
141.44763523161612,142.18757894394588,140.73728806344405,141.90147399902344,7107900.0,0.0,0.0,JPM,2023-09-08
142.80913044552895,143.10511092879347,141.76334578496136,142.5230255126953,6854200.0,0.0,0.0,JPM,2023-09-11
142.56248273037446,145.34467820067525,142.11851953201807,144.3778076171875,8363200.0,0.0,0.0,JPM,2023-09-12
145.36440714512221,145.71958073407512,143.8647987066042,144.44688415527344,8325900.0,0.0,0.0,JPM,2023-09-13
145.85769680313692,147.8900730663901,145.5419953230572,147.24879455566406,10034900.0,0.0,0.0,JPM,2023-09-14
146.92322294651171,147.7223597538624,146.32140145326596,146.814697265625,19824100.0,0.0,0.0,JPM,2023-09-15
146.17340970391552,147.14026522125437,145.768903549756,147.1205291748047,6512400.0,0.0,0.0,JPM,2023-09-18
147.4954546879617,147.71250605973103,145.2361663871554,146.93309020996094,7943400.0,0.0,0.0,JPM,2023-09-19
147.64342833656715,148.23538932393072,146.15368042576634,146.31153869628906,7332000.0,0.0,0.0,JPM,2023-09-20
145.60118644189595,146.85416195729317,144.6639274565045,145.16708374023438,8052400.0,0.0,0.0,JPM,2023-09-21
145.31506616297892,145.53211751337383,143.2432328921995,143.77598571777344,7071700.0,0.0,0.0,JPM,2023-09-22
143.40110160692268,144.55541202494462,141.7732163603324,144.48634338378906,7044700.0,0.0,0.0,JPM,2023-09-25
142.66114762299406,143.8845115400786,142.29609850376067,142.98670959472656,7468400.0,0.0,0.0,JPM,2023-09-26
143.24323197149153,144.1311583598051,142.57234187798514,143.8253173828125,6717800.0,0.0,0.0,JPM,2023-09-27
144.3186208542974,146.8738895350554,144.05223690193546,145.61105346679688,8868100.0,0.0,0.0,JPM,2023-09-28
146.60751542479252,146.76535863706826,142.91765748060172,143.0755157470703,11915700.0,0.0,0.0,JPM,2023-09-29
142.8880545210168,143.66745521364305,140.71755614421505,141.84226989746094,9170600.0,0.0,0.0,JPM,2023-10-02
141.27991377845828,141.6646838993899,140.4413199529371,140.79649353027344,9431100.0,0.0,0.0,JPM,2023-10-03
141.2700592052132,141.5463036598136,140.02694410531763,141.42791748046875,8128700.0,0.0,0.0,JPM,2023-10-04
141.16950086238734,142.2230173887942,139.9669248427093,142.02423095703125,8576200.0,1.05,0.0,JPM,2023-10-05
142.0341734784991,144.98597291732696,141.26888821076875,144.21075439453125,10269400.0,0.0,0.0,JPM,2023-10-06
142.77956886379351,144.50889539280848,142.62054580023897,143.8827667236328,6964900.0,0.0,0.0,JPM,2023-10-09
144.52878380889098,145.87051632664972,144.38964241310876,144.7573699951172,11288800.0,0.0,0.0,JPM,2023-10-10
145.61209729881847,146.32768593942413,144.1312385784806,145.25430297851562,8698200.0,0.0,0.0,JPM,2023-10-11
145.40339957614026,146.05935838818112,144.24057177221792,144.91639709472656,10484400.0,0.0,0.0,JPM,2023-10-12
147.58990751730428,152.1716554212538,146.93394873311706,147.0929718017578,29427000.0,0.0,0.0,JPM,2023-10-13
148.53407858293806,148.60365686068465,145.8208138910304,146.9438934326172,12663500.0,0.0,0.0,JPM,2023-10-16
146.66561784292767,148.3949444682533,145.89038415624304,146.6258544921875,11482700.0,0.0,0.0,JPM,2023-10-17
145.6916181810187,146.57616320112444,144.47909374915125,145.0157928466797,9620300.0,0.0,0.0,JPM,2023-10-18
144.58841991846194,146.11899050349416,143.99210612445395,144.3995819091797,11143600.0,0.0,0.0,JPM,2023-10-19
143.68399555434755,144.25049436631443,141.2489984925178,142.07391357421875,13332000.0,0.0,0.0,JPM,2023-10-20
142.0639926257563,142.79944781957076,139.86752996912244,140.13587951660156,10133400.0,0.0,0.0,JPM,2023-10-23
140.3247065035357,140.86139039106462,139.49979141517116,140.30482482910156,8881400.0,0.0,0.0,JPM,2023-10-24
139.7085222795702,140.31476932829108,138.65500576397105,139.53955078125,8242600.0,0.0,0.0,JPM,2023-10-25
138.9034674241164,140.80176552004812,138.57548802807,139.8973388671875,9109400.0,0.0,0.0,JPM,2023-10-26
138.0984290249081,138.24751883518232,134.36147799259004,134.85841369628906,17434700.0,0.0,0.0,JPM,2023-10-27
135.60382999968257,137.19401530184513,135.20627230018522,136.57781982421875,9855500.0,0.0,0.0,JPM,2023-10-30
136.86604629158705,138.3866684217451,136.62751168018528,138.207763671875,9672500.0,0.0,0.0,JPM,2023-10-31
138.396598698028,139.6687529342385,137.62138018425202,138.0885009765625,9432000.0,0.0,0.0,JPM,2023-11-01
139.23144809893722,140.6129288108833,138.37671804343483,140.5532989501953,10186200.0,0.0,0.0,JPM,2023-11-02
141.31857803555766,142.8888966812039,140.98066539625097,142.1236114501953,9533100.0,0.0,0.0,JPM,2023-11-03
142.29257952922052,143.30633269619358,141.91490350979862,143.19700622558594,7625100.0,0.0,0.0,JPM,2023-11-06
142.630490408252,143.3758940170654,141.94473182697485,143.12742614746094,6297900.0,0.0,0.0,JPM,2023-11-07
143.22682188730758,143.9523438330706,142.73981939479512,143.8330841064453,7618200.0,0.0,0.0,JPM,2023-11-08
144.54866191706955,144.75736642295536,142.8193201847869,143.40570068359375,7992500.0,0.0,0.0,JPM,2023-11-09
144.05173398178394,145.5822893802318,143.19700390685782,145.5325927734375,7983300.0,0.0,0.0,JPM,2023-11-10
144.80706988360947,145.35370222417419,144.27038596350278,144.88658142089844,6676300.0,0.0,0.0,JPM,2023-11-13
145.78105006304054,148.33530684721188,145.62204216422302,147.5302734375,9927700.0,0.0,0.0,JPM,2023-11-14
147.5501572011686,149.2397355765629,147.5501572011686,148.8223114013672,8365300.0,0.0,0.0,JPM,2023-11-15
149.17016948336425,150.60134686681522,149.17016948336425,150.52183532714844,8126200.0,0.0,0.0,JPM,2023-11-16
151.26722751583415,151.9231862945425,150.6112687371258,151.88343811035156,7812400.0,0.0,0.0,JPM,2023-11-17
151.1479793985999,152.80774298221593,150.98895631908235,152.35055541992188,7019000.0,0.0,0.0,JPM,2023-11-20
152.26110266605335,152.68847527425874,151.63497396675325,152.0325164794922,7083500.0,0.0,0.0,JPM,2023-11-21
152.46981609777578,152.93693687201272,151.96293197472872,152.3903045654297,5174500.0,0.0,0.0,JPM,2023-11-22
152.64871088730018,153.4935076777275,152.34061316722833,152.59901428222656,3496900.0,0.0,0.0,JPM,2023-11-24
152.48969437693222,152.5890875913551,151.77412086113367,152.2511749267578,6259100.0,0.0,0.0,JPM,2023-11-27
152.28098330724987,152.9269936773828,151.78404758706313,152.59901428222656,6582700.0,0.0,0.0,JPM,2023-11-28
153.22516249987538,154.6762215168059,153.05620617004016,153.37425231933594,9126100.0,0.0,0.0,JPM,2023-11-29
153.96063107719345,155.17315546822053,153.4338804180903,155.1234588623047,9869800.0,0.0,0.0,JPM,2023-11-30
154.86506144686712,156.8925525953613,154.86506144686712,155.87879943847656,8913000.0,0.0,0.0,JPM,2023-12-01
155.06383102372695,157.0813888949699,154.92468962451278,157.02175903320312,9607500.0,0.0,0.0,JPM,2023-12-04
156.2962214168722,157.52862749526162,156.0080053642076,157.0018768310547,9135600.0,0.0,0.0,JPM,2023-12-05
157.86654444753322,158.24422046809408,155.04395304459263,155.35205078125,9366000.0,0.0,0.0,JPM,2023-12-06
155.7297235143756,156.3459189746825,155.19302442645815,155.8291015625,8130900.0,0.0,0.0,JPM,2023-12-07
156.29621994819377,157.80690880988277,156.01793715331357,157.5485076904297,7366200.0,0.0,0.0,JPM,2023-12-08
157.5485069611137,158.32372548115927,157.18076421115117,158.1249542236328,8093900.0,0.0,0.0,JPM,2023-12-11
158.25415217569858,159.66544786336542,157.90630625540956,159.5362548828125,10223000.0,0.0,0.0,JPM,2023-12-12
159.5362530890306,161.03699355373138,158.7908494842956,160.07293701171875,12379100.0,0.0,0.0,JPM,2023-12-13
160.83821936927285,163.82976698907817,160.7189596475706,162.9849853515625,13643000.0,0.0,0.0,JPM,2023-12-14
162.08055914104597,164.2670733149242,161.3947854087911,164.21737670898438,20305900.0,0.0,0.0,JPM,2023-12-15
164.90314496057903,166.10573605714438,164.61492892014692,165.21124267578125,8469600.0,0.0,0.0,JPM,2023-12-18
164.98266621459464,167.43752999137118,164.53542708020052,167.4176483154297,10345700.0,0.0,0.0,JPM,2023-12-19
166.9604742226833,168.37176989462787,165.42990366158165,165.529296875,10734700.0,0.0,0.0,JPM,2023-12-20
165.81750618061744,167.05984547140716,164.66461167909873,166.4734649658203,7601700.0,0.0,0.0,JPM,2023-12-21
166.47346242172122,167.19898431017788,166.20511289273477,166.3740692138672,6574900.0,0.0,0.0,JPM,2023-12-22
166.4337237759126,167.73569298093386,166.15542581102716,167.35801696777344,4683600.0,0.0,0.0,JPM,2023-12-26
166.81137938135464,168.4313946866035,166.55297826563032,168.36181640625,6428600.0,0.0,0.0,JPM,2023-12-27
168.31214225980483,169.61411148032704,167.96428117351286,169.25631713867188,6320100.0,0.0,0.0,JPM,2023-12-28
168.95814768174958,169.64392141349006,168.5904200955655,169.0575408935547,6431800.0,0.0,0.0,JPM,2023-12-29
168.05372470281606,171.11485067721082,167.8748351159725,171.02540588378906,9977400.0,0.0,0.0,JPM,2024-01-02
170.8067494390015,170.9856390221729,169.3258755065579,170.27999877929688,9852300.0,0.0,0.0,JPM,2024-01-03
170.63999938964844,173.35000610351562,170.5399932861328,171.41000366210938,11972500.0,1.05,0.0,JPM,2024-01-04
171.47000122070312,173.3800048828125,171.47000122070312,172.27000427246094,10064200.0,0.0,0.0,JPM,2024-01-05
172.02000427246094,172.36000061035156,169.49000549316406,172.02000427246094,11229900.0,0.0,0.0,JPM,2024-01-08
171.6199951171875,171.7899932861328,170.10000610351562,170.66000366210938,9923600.0,0.0,0.0,JPM,2024-01-09
170.0,171.0800018310547,168.9499969482422,171.02000427246094,9670200.0,0.0,0.0,JPM,2024-01-10
170.3300018310547,170.36000061035156,168.63999938964844,170.3000030517578,11919500.0,0.0,0.0,JPM,2024-01-11
173.8000030517578,176.30999755859375,168.89999389648438,169.0500030517578,19429200.0,0.0,0.0,JPM,2024-01-12
164.8699951171875,168.08999633789062,164.3000030517578,167.99000549316406,17206400.0,0.0,0.0,JPM,2024-01-16
167.33999633789062,169.07000732421875,166.49000549316406,167.08999633789062,11107500.0,0.0,0.0,JPM,2024-01-17
167.1199951171875,167.52999877929688,165.24000549316406,167.4199981689453,9382300.0,0.0,0.0,JPM,2024-01-18
167.5500030517578,170.57000732421875,167.0800018310547,170.30999755859375,13114400.0,0.0,0.0,JPM,2024-01-19
170.4600067138672,171.97999572753906,169.7100067138672,170.11000061035156,12837500.0,0.0,0.0,JPM,2024-01-22
169.6699981689453,169.75,168.44000244140625,168.99000549316406,8360800.0,0.0,0.0,JPM,2024-01-23
169.36000061035156,171.00999450683594,168.86000061035156,170.5,9967100.0,0.0,0.0,JPM,2024-01-24
172.30999755859375,172.99000549316406,170.91000366210938,172.94000244140625,8873500.0,0.0,0.0,JPM,2024-01-25
172.61000061035156,173.05999755859375,171.77999877929688,172.27999877929688,7443000.0,0.0,0.0,JPM,2024-01-26
172.24000549316406,172.83999633789062,171.3000030517578,172.72999572753906,6971200.0,0.0,0.0,JPM,2024-01-29
172.8300018310547,176.75999450683594,172.8300018310547,176.27000427246094,10822100.0,0.0,0.0,JPM,2024-01-30
176.1999969482422,178.3000030517578,174.33999633789062,174.36000061035156,11521800.0,0.0,0.0,JPM,2024-01-31
173.63999938964844,174.83999633789062,171.42999267578125,173.72999572753906,9354800.0,0.0,0.0,JPM,2024-02-01
173.3000030517578,175.82000732421875,173.25999450683594,174.72999572753906,8607600.0,0.0,0.0,JPM,2024-02-02
173.86000061035156,175.08999633789062,172.9199981689453,174.5,7820200.0,0.0,0.0,JPM,2024-02-05
174.61000061035156,175.8699951171875,173.75999450683594,175.10000610351562,6764800.0,0.0,0.0,JPM,2024-02-06
175.69000244140625,175.8699951171875,173.9600067138672,175.42999267578125,7225500.0,0.0,0.0,JPM,2024-02-07
175.0,175.30999755859375,173.57000732421875,174.8000030517578,6060300.0,0.0,0.0,JPM,2024-02-08
175.0,175.10000610351562,173.6699981689453,175.00999450683594,6295900.0,0.0,0.0,JPM,2024-02-09
174.77999877929688,176.80999755859375,173.6999969482422,175.7899932861328,8536200.0,0.0,0.0,JPM,2024-02-12
495.42708866473504,499.7167149049322,488.394460959381,498.6078186035156,2407700.0,0.0,0.0,COST,2023-06-01
496.39011883175783,504.34682732465893,495.4952184395227,498.5981750488281,2283900.0,0.0,0.0,COST,2023-06-02
498.5981614745388,504.7553324800756,498.04371330154964,504.1036376953125,2023500.0,0.0,0.0,COST,2023-06-05
504.103639409988,504.4732715265714,498.7635061587121,502.16796875,1410300.0,0.0,0.0,COST,2023-06-06
500.46576586584195,505.11525845395545,496.6333110993158,497.2752990722656,1784700.0,0.0,0.0,COST,2023-06-07
498.5105862996272,506.0879258385001,498.5105862996272,505.8934326171875,1530400.0,0.0,0.0,COST,2023-06-08
504.04532099164277,507.80967947383755,501.4287457245423,503.1601867675781,1287300.0,0.0,0.0,COST,2023-06-09
503.16017019125456,507.0412482373536,501.9150810279616,506.7493896484375,1404500.0,0.0,0.0,COST,2023-06-12
507.7707824707031,508.6753897482123,503.772925316395,507.7707824707031,1204700.0,0.0,0.0,COST,2023-06-13
510.66936647662646,513.4415478612827,508.86015211255364,512.809326171875,1841400.0,0.0,0.0,COST,2023-06-14
514.5601499869955,516.7584693895892,512.2839976812799,514.7352294921875,1871600.0,0.0,0.0,COST,2023-06-15
515.6301529110376,515.9414251863046,508.3640855401878,509.35626220703125,3147400.0,0.0,0.0,COST,2023-06-16
507.702651685374,508.62673197153737,503.9966533748584,505.5140686035156,1684400.0,0.0,0.0,COST,2023-06-20
503.7729042211364,507.4011290840004,502.44030501520893,505.4362487792969,1273600.0,0.0,0.0,COST,2023-06-21
506.4770362408923,510.3581140781103,505.49459611285147,509.8912353515625,1114000.0,0.0,0.0,COST,2023-06-22
508.85039455915773,511.0584505363566,505.16386961013205,510.1246337890625,1433700.0,0.0,0.0,COST,2023-06-23
510.0857972337697,510.542939433654,507.03149364737385,509.13250732421875,1278500.0,0.0,0.0,COST,2023-06-26
508.3836461212761,517.8771849900728,507.8486115556499,515.85400390625,1673600.0,0.0,0.0,COST,2023-06-27
514.540674227475,518.9275764756865,514.1807786849446,518.2564086914062,1245200.0,0.0,0.0,COST,2023-06-28
516.0971320180138,517.9160831390183,514.5116202797298,517.1768188476562,1121800.0,0.0,0.0,COST,2023-06-29
519.589039739675,524.8319261334532,519.0638011944847,523.6841430664062,2221900.0,0.0,0.0,COST,2023-06-30
522.5850200617098,526.3104915512075,519.7544786487476,526.2715454101562,951400.0,0.0,0.0,COST,2023-07-03
526.4466409411657,531.1448161938883,522.8282118604437,526.359130859375,1630400.0,0.0,0.0,COST,2023-07-05
524.170513105134,525.5517355737222,521.9333067314476,522.7017211914062,1750100.0,0.0,0.0,COST,2023-07-06
519.3167746278496,521.8166301744309,510.3095291792278,510.7180480957031,2739500.0,0.0,0.0,COST,2023-07-07
510.7277887157077,516.6515802130132,510.7277887157077,512.6245727539062,1955600.0,0.0,0.0,COST,2023-07-10
513.1012001329397,516.2722236840057,511.78807388972695,515.1828002929688,1262300.0,0.0,0.0,COST,2023-07-11
517.478353167112,525.3669656933074,516.6126326510066,523.3145751953125,1960500.0,0.0,0.0,COST,2023-07-12
523.1199772215768,524.4039530807274,518.246722751585,523.7522583007812,1647200.0,0.0,0.0,COST,2023-07-13
524.005206911604,531.9327060716298,523.4118125620284,531.777099609375,1828400.0,0.0,0.0,COST,2023-07-14
531.2711916608317,539.0820292799874,531.1933587573117,537.8661499023438,1909900.0,0.0,0.0,COST,2023-07-17
537.584073862015,539.8504898391062,534.393636974185,538.47900390625,1779200.0,0.0,0.0,COST,2023-07-18
539.3446978450565,540.7162432306119,536.9518848756416,538.9848022460938,1261100.0,0.0,0.0,COST,2023-07-19
538.6929789518491,545.7548165949124,538.5957323393854,541.7570190429688,1732800.0,0.0,0.0,COST,2023-07-20
543.906685701313,546.7080769749676,542.233663913249,542.6324462890625,5263900.0,0.0,0.0,COST,2023-07-21
542.7686178442412,551.1046949594406,540.706490927409,548.5367431640625,2086400.0,0.0,0.0,COST,2023-07-24
551.2992173543281,552.0578952614666,548.8966086819763,549.7623291015625,1602500.0,0.0,0.0,COST,2023-07-25
550.0736179234347,552.5248499738929,548.0406412933281,550.715576171875,1306400.0,0.0,0.0,COST,2023-07-26
552.2232586667998,555.569361421759,545.2976137922054,546.4940795898438,1485300.0,0.0,0.0,COST,2023-07-27
549.1689753212564,552.3107887234988,547.2624550305118,547.943359375,1371400.0,0.0,0.0,COST,2023-07-28
547.6321387169215,548.8869050153445,543.7899475394892,545.36572265625,1365900.0,0.0,0.0,COST,2023-07-31
545.3268623986206,547.515445652657,539.4030709352822,540.3076782226562,1445300.0,0.0,0.0,COST,2023-08-01
537.1853170683027,541.4360271887214,535.9791740642183,537.2728271484375,1635000.0,0.0,0.0,COST,2023-08-02
538.4206809809324,545.0544676426512,537.1463822024763,542.4671020507812,1463400.0,0.0,0.0,COST,2023-08-03
545.7547940944083,545.9687603806536,536.3584444484472,536.9712524414062,1141500.0,0.0,0.0,COST,2023-08-04
539.840728910399,544.2859912186259,539.840728910399,543.1673583984375,1015400.0,0.0,0.0,COST,2023-08-07
542.7685677503191,543.6440246717547,536.7767401498932,540.9398803710938,1020400.0,0.0,0.0,COST,2023-08-08
542.7490992243728,546.7469558720038,541.6110527122709,544.4221801757812,1471800.0,0.0,0.0,COST,2023-08-09
547.8267358134678,553.6726945505907,545.3949765630255,546.1633911132812,1107200.0,0.0,0.0,COST,2023-08-10
545.0543993494816,549.5774945121378,543.7704829345549,547.5932006835938,1043100.0,0.0,0.0,COST,2023-08-11
549.3538292272216,552.2135801758722,545.142006030765,546.1438598632812,1247600.0,0.0,0.0,COST,2023-08-14
545.735355299883,549.7331529380855,542.9631737245729,543.2647094726562,1124300.0,0.0,0.0,COST,2023-08-15
546.3676051911254,549.528891782333,543.4689081918822,543.7899169921875,1340100.0,0.0,0.0,COST,2023-08-16
544.1985067192742,545.1225871016078,530.2013456951257,532.1759033203125,1941900.0,0.0,0.0,COST,2023-08-17
531.9909974658977,534.4713795910653,528.2849993951125,530.0650634765625,1877800.0,0.0,0.0,COST,2023-08-18
529.0145459136967,530.2693715071225,521.6609093467724,528.38232421875,2076100.0,0.0,0.0,COST,2023-08-21
527.166470563611,527.166470563611,522.8281910842438,523.6744384765625,1286000.0,0.0,0.0,COST,2023-08-22
524.2483343961447,526.3979712770481,521.6025498292684,526.096435546875,1295800.0,0.0,0.0,COST,2023-08-23
525.5604433657979,527.2269306782489,517.3061057378067,518.1734619140625,1587500.0,1.02,0.0,COST,2023-08-24
519.3428856512279,522.1495699354491,517.0527369140796,520.4149169921875,1511500.0,0.0,0.0,COST,2023-08-25
522.3542634397947,523.3677652242476,519.5475790568386,522.5394287109375,945800.0,0.0,0.0,COST,2023-08-28
520.7364665753125,529.2441937791328,520.7364665753125,528.9518432617188,1468500.0,0.0,0.0,COST,2023-08-29
528.9129009836619,530.5598785344167,525.579985634554,528.4548950195312,1292800.0,0.0,0.0,COST,2023-08-30
526.2523696013648,538.1417868849124,526.2523696013648,535.296142578125,2086500.0,0.0,0.0,COST,2023-08-31
538.9896894801865,539.3892253344903,526.8761454372298,530.3942260742188,1437400.0,0.0,0.0,COST,2023-09-01
531.836479914542,535.2084147032151,530.1505422608499,530.8619384765625,1714300.0,0.0,0.0,COST,2023-09-05
527.9285320636282,534.7113615361799,526.4277597396347,532.7720336914062,1476600.0,0.0,0.0,COST,2023-09-06
534.6822188976448,536.9626127029409,530.4331727428814,534.6529541015625,1340000.0,0.0,0.0,COST,2023-09-07
535.0915085168846,538.3172385024769,534.146172331658,537.1575317382812,1075300.0,0.0,0.0,COST,2023-09-08
538.7362776746464,545.1487773213125,537.8104513646632,544.5543212890625,1388600.0,0.0,0.0,COST,2023-09-11
545.0416011803909,546.1330829069126,542.020486827706,544.5640258789062,1055500.0,0.0,0.0,COST,2023-09-12
544.0864864308797,546.1720194354241,540.5001809878646,545.5093383789062,1162700.0,0.0,0.0,COST,2023-09-13
550.4307449120615,552.2726424976762,545.9868383526463,550.3917846679688,1257300.0,0.0,0.0,COST,2023-09-14
550.9375914912868,551.1130018326508,541.3967916422631,542.1959228515625,2944900.0,0.0,0.0,COST,2023-09-15
543.9695242520969,549.8265277202531,543.2775784286308,548.3939208984375,1003100.0,0.0,0.0,COST,2023-09-18
547.3415134595093,550.9375740468463,545.1877552874716,549.9824829101562,1144700.0,0.0,0.0,COST,2023-09-19
549.9824901926978,554.7285026984948,548.3355126231652,549.4757690429688,1311500.0,0.0,0.0,COST,2023-09-20
549.7096044726513,550.1968751990992,540.1688650620664,540.948486328125,1687700.0,0.0,0.0,COST,2023-09-21
541.0264110717497,548.637577499458,540.6561400395246,544.369140625,1527300.0,0.0,0.0,COST,2023-09-22
545.2462228245679,546.9809352726522,540.6171506273481,544.3983764648438,1313300.0,0.0,0.0,COST,2023-09-25
544.9148600723598,547.0783134788508,537.9468651103895,538.8824462890625,2425100.0,0.0,0.0,COST,2023-09-26
533.4445413232748,552.077770404368,530.8619825059178,549.1834106445312,4591400.0,0.0,0.0,COST,2023-09-27
549.7096573794681,557.6131750476171,549.7096573794681,554.153564453125,2192400.0,0.0,0.0,COST,2023-09-28
555.4886944628554,556.4534810993886,546.425469765247,550.5770263671875,1886600.0,0.0,0.0,COST,2023-09-29
553.45185482554,557.1843655448896,549.6414236102246,556.7653198242188,1831700.0,0.0,0.0,COST,2023-10-02
556.560626331732,561.521068733815,548.6766189137035,550.6549072265625,2007400.0,0.0,0.0,COST,2023-10-03
554.9915486578362,558.0321129374299,549.4074457084201,557.2427368164062,1798800.0,0.0,0.0,COST,2023-10-04
557.6033732161809,560.1177068499293,549.9922067559406,555.0208740234375,1579700.0,0.0,0.0,COST,2023-10-05
551.6782549711054,552.516346432787,528.8154886804653,543.336181640625,4245900.0,0.0,0.0,COST,2023-10-06
540.8705396627533,545.4996118490562,535.7834615164056,544.7394409179688,1781500.0,0.0,0.0,COST,2023-10-09
545.6652923253172,552.5163480268787,543.0535280884717,547.7800903320312,2176800.0,0.0,0.0,COST,2023-10-10
550.4696950887518,552.0777122178235,545.9381131926825,551.1226806640625,1449800.0,0.0,0.0,COST,2023-10-11
553.5882534573667,554.6505297994278,548.062620143718,549.427001953125,1458000.0,0.0,0.0,COST,2023-10-12
549.4952503762828,552.9938808475414,547.6728623659728,552.4091796875,1243900.0,0.0,0.0,COST,2023-10-13
555.1865618753043,559.4842638142225,554.0463649496801,557.671630859375,1428300.0,0.0,0.0,COST,2023-10-16
557.3792772517887,561.3943835407288,556.1806102206679,559.7182006835938,1404600.0,0.0,0.0,COST,2023-10-17
559.3087972914706,562.6027520624114,557.4376944125388,560.010498046875,1311900.0,0.0,0.0,COST,2023-10-18
559.0944765623819,561.1897051215267,549.7485973033754,551.2299194335938,2019600.0,0.0,0.0,COST,2023-10-19
552.1167056439107,552.2434007941206,537.9566489472877,538.8532104492188,2294500.0,0.0,0.0,COST,2023-10-20
540.0324296129737,542.7416239951469,532.713613586449,538.2294921875,1776500.0,0.0,0.0,COST,2023-10-23
538.0442853906192,541.8352657279328,535.3448461486399,537.7909545898438,1678600.0,0.0,0.0,COST,2023-10-24
534.5847559317687,539.7303638723303,531.7196013924322,535.9880981445312,1757500.0,0.0,0.0,COST,2023-10-25
535.6567320703145,540.5391347731317,531.6416260526793,533.6588745117188,1925300.0,0.0,0.0,COST,2023-10-26
533.6588632215851,534.0779683799766,526.4764976417135,529.2052612304688,1503100.0,0.0,0.0,COST,2023-10-27
531.8462173140433,542.1958422857153,529.7997041542635,540.7535400390625,1696200.0,0.0,0.0,COST,2023-10-30
538.1028322387992,539.9252796470947,535.0817772478619,538.375732421875,1394700.0,0.0,0.0,COST,2023-10-31
540.8705320220274,544.2229571583166,535.656758794152,542.6246948242188,1735300.0,0.0,0.0,COST,2023-11-01
543.3276641857536,546.2664271239986,538.9439518654304,542.8101806640625,2100600.0,1.02,0.0,COST,2023-11-02
544.1379691675706,549.6639702763747,542.0876405882018,547.6234741210938,1826300.0,0.0,0.0,COST,2023-11-03
547.2232213891486,559.0954281938201,546.8717568720882,556.3323974609375,2056900.0,0.0,0.0,COST,2023-11-06
558.9489136817381,560.3060266559667,556.0785011562434,557.748046875,1373100.0,0.0,0.0,COST,2023-11-07
558.5779290607494,559.4273314151488,550.9332482806984,553.9501342773438,1343600.0,0.0,0.0,COST,2023-11-08
555.5317293514,555.5317293514,548.7071926852283,549.9373779296875,1288400.0,0.0,0.0,COST,2023-11-09
554.4578001923333,564.2113268188014,551.5678420994923,563.4595336914062,1908800.0,0.0,0.0,COST,2023-11-10
561.3898078051706,566.2226537208896,559.9155398188955,564.5433349609375,1650700.0,0.0,0.0,COST,2023-11-13
567.9701877109494,577.5479823414229,567.4527638134313,576.8157348632812,2037600.0,0.0,0.0,COST,2023-11-14
579.9302977992769,585.6906691383969,579.3445235843145,582.654296875,2165100.0,0.0,0.0,COST,2023-11-15
572.5003716005615,572.7054223464751,558.6950515465709,564.885009765625,2954700.0,0.0,0.0,COST,2023-11-16
565.1974691266244,566.1932852197224,560.4720056375104,563.4888916015625,1773600.0,0.0,0.0,COST,2023-11-17
563.6744263449825,568.5365310031697,563.6744263449825,567.052490234375,1624100.0,0.0,0.0,COST,2023-11-20
568.2240574204723,571.1042428254881,564.0356231920497,570.4696044921875,1173700.0,0.0,0.0,COST,2023-11-21
572.9592790619089,577.1477732097414,572.4711140257854,575.1365356445312,1068600.0,0.0,0.0,COST,2023-11-22
577.0305689674778,580.135291180566,576.43496238565,577.3624877929688,645800.0,0.0,0.0,COST,2023-11-24
578.4951162706866,585.7394687564189,578.3876746734721,580.8187866210938,1627400.0,0.0,0.0,COST,2023-11-27
579.1491775489678,583.2790342549847,577.4210544323442,579.9400024414062,1286800.0,0.0,0.0,COST,2023-11-28
581.1116623799408,581.121435214993,573.5157859260621,573.9453735351562,1319800.0,0.0,0.0,COST,2023-11-29
573.9160847521828,579.032044454854,569.0344347167401,578.7098388671875,1755200.0,0.0,0.0,COST,2023-11-30
579.2371082024754,582.2343889518728,576.6107780408746,582.1367797851562,1474700.0,0.0,0.0,COST,2023-12-01
578.1338206724964,585.3391406819044,577.4601506036346,584.8997802734375,1624000.0,0.0,0.0,COST,2023-12-04
584.3627835642178,594.4677745373945,582.898288664311,591.0213012695312,2349700.0,0.0,0.0,COST,2023-12-05
591.1678142765978,594.0772586040922,589.5666187768481,593.0521240234375,2233900.0,0.0,0.0,COST,2023-12-06
595.56130514031,597.8556568239309,591.9976767733705,596.4888305664062,1690400.0,0.0,0.0,COST,2023-12-07
594.1944241013658,599.0858470176446,593.3450217543964,596.3228759765625,1502100.0,0.0,0.0,COST,2023-12-08
607.2479227388848,610.2355496534338,604.1139416735831,609.0932006835938,2139300.0,0.0,0.0,COST,2023-12-11
612.5885548759858,614.7852975814362,608.4586976586861,614.5997924804688,2374400.0,0.0,0.0,COST,2023-12-12
618.9151305291871,627.3896682386016,616.064263459678,626.8038940429688,2436900.0,0.0,0.0,COST,2023-12-13
626.0032839016189,626.7062725129704,615.3808083669678,615.8494873046875,3839200.0,0.0,0.0,COST,2023-12-14
626.3157254694622,646.2133366046919,625.3393954219649,643.2257690429688,8805200.0,0.0,0.0,COST,2023-12-15
648.7712963188608,665.7691756956164,645.4517504247643,665.1150512695312,5733400.0,0.0,0.0,COST,2023-12-18
659.0227413461632,664.6854433537136,653.2819162543115,661.6978759765625,3437300.0,0.0,0.0,COST,2023-12-19
655.8887051583216,658.388107559121,645.1588480596891,645.3541259765625,3782700.0,0.0,0.0,COST,2023-12-20
650.0990923456596,651.5441012957249,643.8408431417829,649.4156494140625,2388400.0,0.0,0.0,COST,2023-12-21
652.1884219685129,657.3336999952032,650.2357620224993,655.7031860351562,1639500.0,0.0,0.0,COST,2023-12-22
657.0799173049975,659.8624341994805,654.9027202934577,658.6517944335938,1774800.0,0.0,0.0,COST,2023-12-26
661.7272705746052,667.5986445151466,659.4306588097623,665.8212280273438,1875900.0,15.0,0.0,COST,2023-12-27
664.8726113769076,665.8811386052766,660.6189155886543,662.1266479492188,1496900.0,0.0,0.0,COST,2023-12-28
660.02971644932,662.2165041806735,656.1953263788619,659.111083984375,1947000.0,0.0,0.0,COST,2023-12-29
654.6177023122896,656.834414358107,648.5466099763138,649.6949462890625,2657700.0,0.0,0.0,COST,2024-01-02
650.2541010408056,654.4878673300951,642.1559595124855,643.74365234375,2612600.0,0.0,0.0,COST,2024-01-03
641.1374996504151,648.9460278862284,639.5697969599549,647.3982543945312,2171100.0,0.0,0.0,COST,2024-01-04
655.216791499119,658.681729606551,651.2825725546647,655.0470581054688,2232100.0,0.0,0.0,COST,2024-01-05
654.8473155075687,661.1081310997437,653.069960111624,660.7186889648438,2245300.0,0.0,0.0,COST,2024-01-08
657.9128185242909,666.3104464599212,657.2937335133674,666.2006225585938,1886200.0,0.0,0.0,COST,2024-01-09
668.5771460493628,672.8408975909539,668.0279655870804,671.7724609375,1801900.0,0.0,0.0,COST,2024-01-10
670.0150785592703,673.5199361879722,666.6600251326157,672.59130859375,1670800.0,0.0,0.0,COST,2024-01-11
676.505496058496,682.7163364510965,675.1175218160313,682.237060546875,2387600.0,0.0,0.0,COST,2024-01-12
682.2370551803228,685.5122696882405,677.1644951001498,680.4896240234375,1626700.0,0.0,0.0,COST,2024-01-16
679.5010831177699,683.8646634489209,678.1930085256375,683.1856689453125,1786800.0,0.0,0.0,COST,2024-01-17
681.8276821776388,686.710457765492,679.211532984781,686.3010864257812,1900600.0,0.0,0.0,COST,2024-01-18
687.4893556235744,695.1081604751205,681.6678963753956,693.9498291015625,2261000.0,0.0,0.0,COST,2024-01-19
694.4091658840869,697.6344050407941,689.5064001251807,691.4934692382812,2452900.0,0.0,0.0,COST,2024-01-22
689.7060990789328,690.6147974671694,683.6250724000951,686.5807495117188,2208600.0,0.0,0.0,COST,2024-01-23
687.9886546500732,688.9572015863474,682.1172807042648,685.5023193359375,1946500.0,0.0,0.0,COST,2024-01-24
685.4923264385184,685.4923264385184,674.9678194340396,678.9020385742188,2751900.0,0.0,0.0,COST,2024-01-25
679.0817587348475,686.2312220822469,678.502593025564,685.8717651367188,1825500.0,0.0,0.0,COST,2024-01-26
688.8873196715502,693.1110909489249,685.2526482032357,692.9912719726562,2215400.0,0.0,0.0,COST,2024-01-29
691.9228266582423,701.6185951613778,689.7859533655765,699.7113647460938,1610500.0,0.0,0.0,COST,2024-01-30
700.2905344654513,704.4843814433026,692.0226594852105,693.8599853515625,1928500.0,0.0,0.0,COST,2024-01-31
694.0,705.2999877929688,691.5,704.47998046875,2039200.0,1.02,0.0,COST,2024-02-01
703.3400268554688,714.280029296875,702.260009765625,709.47998046875,2377400.0,0.0,0.0,COST,2024-02-02
710.6400146484375,712.8599853515625,705.6799926757812,711.1599731445312,2276900.0,0.0,0.0,COST,2024-02-05
711.22998046875,712.719970703125,704.3400268554688,710.7899780273438,1920200.0,0.0,0.0,COST,2024-02-06
714.1500244140625,723.3200073242188,712.0,719.780029296875,2145500.0,0.0,0.0,COST,2024-02-07
723.8900146484375,728.1699829101562,720.6599731445312,724.1599731445312,1918500.0,0.0,0.0,COST,2024-02-08
725.1400146484375,725.530029296875,720.1199951171875,723.4000244140625,1425200.0,0.0,0.0,COST,2024-02-09
723.52001953125,723.7999877929688,715.2999877929688,722.4099731445312,1570800.0,0.0,0.0,COST,2024-02-12
124.42049867877496,126.07697629893325,123.78114969708268,125.75731658935547,4136100.0,0.0,0.0,IBM,2023-06-01
126.2997728268291,128.95401528110986,126.0769600163293,128.2759246826172,5373900.0,0.0,0.0,IBM,2023-06-02
128.9540184998445,129.39962935070025,128.13062803157507,128.48904418945312,3993500.0,0.0,0.0,IBM,2023-06-05
128.28561804154893,128.77966713623255,127.75284202524996,128.53749084472656,3298000.0,0.0,0.0,IBM,2023-06-06
128.35343586176387,130.23272626881823,128.05313962210903,130.1746063232422,5772000.0,0.0,0.0,IBM,2023-06-07
130.47489530940518,131.72451841362357,129.81616813987213,130.2036590576172,4128500.0,0.0,0.0,IBM,2023-06-08
130.15522594145568,131.84077824179332,129.97116959597847,131.06581115722656,3981500.0,0.0,0.0,IBM,2023-06-09
131.74390244038844,132.3444949126845,131.56954260569645,132.1507568359375,4494500.0,0.0,0.0,IBM,2023-06-12
132.23793862243505,133.84599276657352,131.74390430255693,133.29383850097656,3927300.0,0.0,0.0,IBM,2023-06-13
133.48758587170354,134.58221274855714,132.65449876878887,132.90635681152344,4514900.0,0.0,0.0,IBM,2023-06-14
132.9741749889103,134.45629285209054,132.8869802818703,134.0688018798828,3812600.0,0.0,0.0,IBM,2023-06-15
134.872831276864,135.10532586408198,133.16791531440705,133.17759704589844,7473100.0,0.0,0.0,IBM,2023-06-16
132.09263055385003,132.93539927696472,131.63733796564009,131.7051544189453,4271300.0,0.0,0.0,IBM,2023-06-20
130.88177004121306,131.15300633518243,129.11871934914257,129.50621032714844,5501300.0,0.0,0.0,IBM,2023-06-21
127.55909016444677,128.7990463854194,126.59038499084824,127.06505584716797,6012800.0,0.0,0.0,IBM,2023-06-22
126.31915421389189,126.5322705438459,125.13733266824465,125.37950897216797,11324700.0,0.0,0.0,IBM,2023-06-23
125.34077167671839,127.29756042001272,125.26327348298436,127.22974395751953,4845600.0,0.0,0.0,IBM,2023-06-26
127.1909785248951,128.78933597635094,126.73568595993179,128.19842529296875,3219900.0,0.0,0.0,IBM,2023-06-27
127.92721120698168,128.03376937428058,126.8132060971677,127.6365966796875,2753800.0,0.0,0.0,IBM,2023-06-28
127.62691725105955,130.1455568246887,127.56879730080597,129.8646240234375,3639800.0,0.0,0.0,IBM,2023-06-29
130.47490180363997,130.80425801416624,129.2543238285741,129.6224365234375,4236400.0,0.0,0.0,IBM,2023-06-30
129.2446401172921,130.14554359847463,128.71184932533126,129.48681640625,1477100.0,0.0,0.0,IBM,2023-07-03
129.1477792311923,130.1067878811031,128.4406138207571,130.0389862060547,2955100.0,0.0,0.0,IBM,2023-07-05
129.07028172285166,129.709615899063,127.43316762624647,128.02407836914062,3507700.0,0.0,0.0,IBM,2023-07-06
127.65596447598152,129.6611912470642,127.62690450375722,127.94657897949219,2982400.0,0.0,0.0,IBM,2023-07-07
127.63659763355211,128.88623567587533,127.57847768391271,128.7409210205078,2369200.0,0.0,0.0,IBM,2023-07-10
129.47713819122,130.34896694263128,129.06058727664401,130.23272705078125,2925200.0,0.0,0.0,IBM,2023-07-11
130.8430081016932,131.09486611249994,128.4212452933959,128.6827850341797,3732200.0,0.0,0.0,IBM,2023-07-12
129.3318312105316,130.84302380048925,129.18653133710725,129.72900390625,3221400.0,0.0,0.0,IBM,2023-07-13
129.7193146062836,129.72899633685736,128.77966939624864,129.2252655029297,2860700.0,0.0,0.0,IBM,2023-07-14
129.08964450523513,130.3974023858179,128.9346629131526,130.0389862060547,3167400.0,0.0,0.0,IBM,2023-07-17
130.49427943925866,131.6954643853049,130.0874102619493,131.12393188476562,3852100.0,0.0,0.0,IBM,2023-07-18
131.28861155498376,132.1798185447414,130.95925534206052,131.24017333984375,5520000.0,0.0,0.0,IBM,2023-07-19
132.89667685329667,135.9287290441116,132.28638781009258,134.0494384765625,10896300.0,0.0,0.0,IBM,2023-07-20
133.88475302489923,135.4056125120583,133.4488238571849,134.59190368652344,5858600.0,0.0,0.0,IBM,2023-07-21
134.98906939854237,135.7349617261355,134.4369003646244,135.17311096191406,3475200.0,0.0,0.0,IBM,2023-07-24
135.05687500345417,136.035261918211,134.6887623034632,135.9384002685547,3770800.0,0.0,0.0,IBM,2023-07-25
136.04496913465692,136.82961803057253,135.50249655383968,136.65525817871094,4046400.0,0.0,0.0,IBM,2023-07-26
137.8467426535025,138.8929459653644,137.45925173359038,138.4957733154297,6331600.0,0.0,0.0,IBM,2023-07-27
138.95107266403792,139.44510698202092,138.3795401583044,138.96075439453125,6686400.0,0.0,0.0,IBM,2023-07-28
139.3094915232263,140.0747769036619,139.03825525152635,139.66790771484375,6138100.0,0.0,0.0,IBM,2023-07-31
139.73573527337376,139.95853334683932,137.72082653692738,138.8445281982422,4797700.0,0.0,0.0,IBM,2023-08-01
138.31171882924673,139.7841547821062,137.85642623054193,139.65821838378906,4957400.0,0.0,0.0,IBM,2023-08-02
139.28042792909267,140.6753657365819,138.82513531744635,139.92945861816406,3951900.0,0.0,0.0,IBM,2023-08-03
140.54943425436682,141.51813945666797,139.48386740059658,139.72604370117188,4223100.0,0.0,0.0,IBM,2023-08-04
140.46225114435705,141.9153089148159,140.39443468672698,141.60531616210938,3438700.0,0.0,0.0,IBM,2023-08-07
141.14033068321086,141.57624502371633,139.60009311550044,141.34376525878906,4654600.0,0.0,0.0,IBM,2023-08-08
142.01988409136422,142.01988409136422,139.43307299019347,139.61924743652344,4072900.0,1.66,0.0,IBM,2023-08-09
140.15814644004988,141.66712821640047,139.81520691005608,140.36392211914062,4735800.0,0.0,0.0,IBM,2023-08-10
140.23654174804688,140.55989499802246,139.34488697536486,140.23654174804688,2526000.0,0.0,0.0,IBM,2023-08-11
140.16795020632685,140.4814953369574,138.94313416983564,139.05091857910156,4226400.0,0.0,0.0,IBM,2023-08-14
138.64917798070726,139.44285639530375,138.35521913605763,139.01171875,3656600.0,0.0,0.0,IBM,2023-08-15
138.84514491766984,139.22728692853607,137.72811327426334,137.80650329589844,3285300.0,0.0,0.0,IBM,2023-08-16
138.16903508312987,139.78580114045647,137.76730680649135,137.8260955810547,3742100.0,0.0,0.0,IBM,2023-08-17
137.17939333015806,138.9725257657092,136.94422327338555,138.5609893798828,3914700.0,0.0,0.0,IBM,2023-08-18
138.57079332731303,139.52125182272837,138.2670413249085,139.41346740722656,2937800.0,0.0,0.0,IBM,2023-08-21
139.7857997257807,140.34430802984716,138.45319936081916,138.63937377929688,3557500.0,0.0,0.0,IBM,2023-08-22
138.86473732578426,140.5892728379311,138.72755853449266,140.52069091796875,2559100.0,0.0,0.0,IBM,2023-08-23
140.61868020280448,141.55934553802197,140.33452944867892,140.6578826904297,2900200.0,0.0,0.0,IBM,2023-08-24
141.2751746260074,142.53919315639183,140.60888187461694,142.42161560058594,3660100.0,0.0,0.0,IBM,2023-08-25
142.4803989364144,143.7836049518353,142.28443136710032,143.07810974121094,3561100.0,0.0,0.0,IBM,2023-08-28
143.3524634895968,143.7737930047706,142.68615583013187,143.4994354248047,2778100.0,0.0,0.0,IBM,2023-08-29
143.4700464539896,143.9599728583338,142.81354686633244,143.90118408203125,2245400.0,0.0,0.0,IBM,2023-08-30
143.97958006577267,144.75365723810384,143.58762995523895,143.87179565429688,3885900.0,0.0,0.0,IBM,2023-08-31
144.2931191954002,145.116206917569,143.95997282884255,144.9594268798828,2727500.0,0.0,0.0,IBM,2023-09-01
144.93004579026655,145.99808186119108,144.59689939313998,145.14561462402344,3731300.0,0.0,0.0,IBM,2023-09-05
144.6850759475148,145.34157556524727,144.15594703381714,145.07701110839844,2932200.0,0.0,0.0,IBM,2023-09-06
145.14560817840112,145.78250655352852,144.43030482935086,144.5478973388672,3332900.0,0.0,0.0,IBM,2023-09-07
144.38131261981482,145.59632049398513,144.2931145068776,144.70465087890625,3722800.0,0.0,0.0,IBM,2023-09-08
145.57673838997988,145.78249910622813,144.60667873070776,145.39056396484375,3273600.0,0.0,0.0,IBM,2023-09-11
144.93981946628287,145.01820948178838,142.86253638517027,143.3524627685547,4457700.0,0.0,0.0,IBM,2023-09-12
143.00952491810818,144.01877218890954,142.9801305278028,143.59744262695312,2627800.0,0.0,0.0,IBM,2023-09-13
144.410711526782,144.7536510385225,143.52883502937652,144.38131713867188,2723100.0,0.0,0.0,IBM,2023-09-14
144.14615170845323,144.87124819163012,142.59798242904384,143.04872131347656,6231400.0,0.0,0.0,IBM,2023-09-15
142.83316261066744,143.52884980270326,142.13746046726277,142.16685485839844,2508100.0,0.0,0.0,IBM,2023-09-18
142.07865847213205,143.76400651356604,141.7455121026635,143.5680389404297,3945400.0,0.0,0.0,IBM,2023-09-19
145.3709706926413,148.869037622956,145.1456087215577,146.8113555908203,9632400.0,0.0,0.0,IBM,2023-09-20
145.99807769081872,146.24304090842077,144.34212394761,144.4107208251953,4944600.0,0.0,0.0,IBM,2023-09-21
144.4401064592156,145.11620729103083,143.86199688904827,143.95018005371094,2562000.0,0.0,0.0,IBM,2023-09-22
143.61703722953413,144.45969631447912,143.3034771456188,143.52883911132812,2694200.0,0.0,0.0,IBM,2023-09-25
142.57838115508886,143.22508761686092,140.13855715597182,140.3541259765625,4824700.0,0.0,0.0,IBM,2023-09-26
140.77546416910104,140.92245107473462,138.90394154416202,140.28553771972656,4439800.0,0.0,0.0,IBM,2023-09-27
139.27628478893362,139.4134635911475,137.3851759476018,138.72756958007812,5783200.0,0.0,0.0,IBM,2023-09-28
139.1391050127677,139.26649066799177,136.79725729405823,137.47335815429688,5703600.0,0.0,0.0,IBM,2023-09-29
137.21858960199742,138.60018573970203,137.04222326171256,137.96328735351562,3275300.0,0.0,0.0,IBM,2023-10-02
138.03186386998362,138.78635473815763,137.17939668928076,137.56153869628906,3284400.0,0.0,0.0,IBM,2023-10-03
137.54193530445644,138.35521493771566,137.1696014004753,138.22784423828125,2637600.0,0.0,0.0,IBM,2023-10-04
138.06125854088253,138.84514379955314,137.3655714004461,138.6687774658203,3223900.0,0.0,0.0,IBM,2023-10-05
138.55119071118645,140.06017251326864,137.2871870795174,139.1685028076172,3511100.0,0.0,0.0,IBM,2023-10-06
139.4330742809045,139.5310506026274,137.8457023747548,139.3350830078125,2354400.0,0.0,0.0,IBM,2023-10-09
139.72702047945677,140.5304920307561,138.86474519881264,139.24688720703125,3015800.0,0.0,0.0,IBM,2023-10-10
139.63883453402326,140.4521142534609,139.2762937373154,140.34432983398438,2511500.0,0.0,0.0,IBM,2023-10-11
139.63882681566858,140.05036322600392,138.1102587340321,138.39442443847656,3921100.0,0.0,0.0,IBM,2023-10-12
136.9540301922247,137.2969697017796,135.48425099061663,135.67042541503906,4582800.0,0.0,0.0,IBM,2023-10-13
136.47390113734198,136.96382755295602,135.72921836810096,136.4053192138672,3361500.0,0.0,0.0,IBM,2023-10-16
134.35740955560473,137.7868943148678,133.56373118925117,137.49295043945312,4172800.0,0.0,0.0,IBM,2023-10-17
137.17940354563802,137.60073310844277,136.76786712916532,137.15000915527344,3330000.0,0.0,0.0,IBM,2023-10-18
135.8468042936472,136.60129520656395,135.15110216200762,135.2294921875,5314200.0,0.0,0.0,IBM,2023-10-19
135.36666646545794,136.46411183426682,134.35741921698263,134.39662170410156,4865300.0,0.0,0.0,IBM,2023-10-20
133.87730269555692,134.90613625013728,133.13260494390693,133.63233947753906,3457500.0,0.0,0.0,IBM,2023-10-23
133.9850824964671,135.20009044712756,133.30898164579688,135.013916015625,3698000.0,0.0,0.0,IBM,2023-10-24
134.72975842291712,135.69981806605423,133.5833324545007,134.31822204589844,6472500.0,0.0,0.0,IBM,2023-10-25
139.33506423660396,141.50054548870338,138.7275602891099,140.86363220214844,11130200.0,0.0,0.0,IBM,2023-10-26
140.72644967886004,141.78469246188604,138.8549422560409,139.64862060546875,5469200.0,0.0,0.0,IBM,2023-10-27
140.3051391821285,141.58874408926548,139.707428314908,139.7564239501953,4204100.0,0.0,0.0,IBM,2023-10-30
140.11894840105,141.84348392195542,139.71720517045318,141.7259063720703,6591800.0,0.0,0.0,IBM,2023-10-31
142.07866115978976,143.55823355903036,141.53973910994458,142.47059631347656,4750100.0,0.0,0.0,IBM,2023-11-01
142.83316394843297,144.1363701226722,141.92189296058598,144.0481719970703,3902700.0,0.0,0.0,IBM,2023-11-02
144.47929626915416,145.45914909559994,144.3127230828225,144.92022705078125,3510100.0,0.0,0.0,IBM,2023-11-03
144.9104308814097,146.22343005312268,144.87124334777127,145.9686737060547,4597200.0,0.0,0.0,IBM,2023-11-06
146.02746476637486,146.27242797170683,145.04761194504707,145.8314971923828,3549900.0,0.0,0.0,IBM,2023-11-07
146.24302902272623,146.66435854610202,144.61646980171656,145.047607421875,3618600.0,0.0,0.0,IBM,2023-11-08
145.22598940263117,145.6620166190225,143.96745905003493,145.29534912109375,3412700.0,1.66,0.0,IBM,2023-11-09
146.10794831218857,147.82231430618015,145.52328232593317,147.67367553710938,3179000.0,0.0,0.0,IBM,2023-11-10
147.11874158528582,147.14846933996495,146.0187692993586,146.76199340820312,2647200.0,0.0,0.0,IBM,2023-11-13
148.09978345827764,149.44749707493264,147.70340332670438,149.05111694335938,4321900.0,0.0,0.0,IBM,2023-11-14
149.0412101025014,151.83574016337863,149.0412101025014,151.20152282714844,4632500.0,0.0,0.0,IBM,2023-11-15
151.6177142919806,151.9645582488648,150.7555791866659,151.6771697998047,3519200.0,0.0,0.0,IBM,2023-11-16
151.90509291515394,152.1132023207252,151.08260486700718,151.5087127685547,4426500.0,0.0,0.0,IBM,2023-11-17
151.13214781816694,153.28254120775884,150.97360482498158,152.95553588867188,3658500.0,0.0,0.0,IBM,2023-11-20
153.2032693333146,153.26272484279514,152.12310546766287,152.51950073242188,2859500.0,0.0,0.0,IBM,2023-11-21
153.10417199457046,154.30324692036015,152.76724734865505,153.72848510742188,3044700.0,0.0,0.0,IBM,2023-11-22
153.72847895972035,153.9960287508711,152.52940408188243,153.77801513671875,1799200.0,0.0,0.0,IBM,2023-11-24
153.58974321934068,154.72934745835488,153.35190606365435,154.1645050048828,4053100.0,0.0,0.0,IBM,2023-11-27
154.03568012626258,154.34287701268485,153.46091832030683,154.2437744140625,2666200.0,0.0,0.0,IBM,2023-11-28
154.73925701681196,156.08697070374123,154.61044178384682,154.99691772460938,3568900.0,0.0,0.0,IBM,2023-11-29
155.53203212357218,157.16713427032028,155.4725766129511,157.1274871826172,6740600.0,0.0,0.0,IBM,2023-11-30
156.97885220681093,159.13914978999475,156.5725527131514,159.09951782226562,4871000.0,0.0,0.0,IBM,2023-12-01
158.84185176019733,161.31926548552968,158.84185176019733,159.64454650878906,5779000.0,0.0,0.0,IBM,2023-12-04
159.3076022035388,161.00215979651355,159.2679702382753,159.93191528320312,4556700.0,0.0,0.0,IBM,2023-12-05
160.13010200581815,160.88324541848627,158.56437479429496,158.83193969726562,3555900.0,0.0,0.0,IBM,2023-12-06
159.54544332486554,160.01119831319042,158.52475008345567,158.77249145507812,3665500.0,0.0,0.0,IBM,2023-12-07
158.5544813458108,160.5760443297591,158.5544813458108,160.4967803955078,4560400.0,0.0,0.0,IBM,2023-12-08
161.21025745502828,162.17149518284705,160.48685688657494,162.0327606201172,6077200.0,0.0,0.0,IBM,2023-12-11
161.79494630447476,164.83720261845428,161.44810232062792,163.22193908691406,5292300.0,0.0,0.0,IBM,2023-12-12
162.88499353022792,163.47957887543987,161.2697300560512,162.1417694091797,4989100.0,0.0,0.0,IBM,2023-12-13
161.45799506762725,162.02285263762275,158.70311229973254,161.4381866455078,6129800.0,0.0,0.0,IBM,2023-12-14
160.8337028456204,162.60752442827146,160.5760421395503,160.7643280029297,11015600.0,0.0,0.0,IBM,2023-12-15
160.76432753593215,161.85439562552338,160.12020601449495,161.2697296142578,3677300.0,0.0,0.0,IBM,2023-12-18
160.33822474244207,160.8138839599079,159.86256552497622,160.1003875732422,3766600.0,0.0,0.0,IBM,2023-12-19
159.83282199063888,160.3382240829932,158.56438733532426,158.60403442382812,4865800.0,0.0,0.0,IBM,2023-12-20
159.13913724173503,159.6247157534984,158.08871628900005,159.32742309570312,2982900.0,0.0,0.0,IBM,2023-12-21
159.64454294732312,160.94270529108758,159.54544035214732,160.67514038085938,2439800.0,0.0,0.0,IBM,2023-12-22
160.76433179661535,161.83457637086923,160.58596526137327,161.73548889160156,1772400.0,0.0,0.0,IBM,2023-12-26
161.66611436629688,162.16159712641436,161.2102635737779,161.9832305908203,3234600.0,0.0,0.0,IBM,2023-12-27
162.4787087718295,162.4787087718295,161.92375539455364,162.27059936523438,2071300.0,0.0,0.0,IBM,2023-12-28
162.27059302062722,162.69670090761073,161.35890661786297,162.07240295410156,2525600.0,0.0,0.0,IBM,2023-12-29
161.35890996737274,161.81474561775073,159.01032663237925,160.04092407226562,3825000.0,0.0,0.0,IBM,2024-01-02
159.54544259731458,160.26884316529203,158.63375616841333,158.65357971191406,4086100.0,0.0,0.0,IBM,2024-01-03
158.77249046112604,160.3481219457571,158.7229391629251,159.40670776367188,3212000.0,0.0,0.0,IBM,2024-01-04
158.46530055895508,159.09951788942604,157.23649786575896,157.72207641601562,4199400.0,0.0,0.0,IBM,2024-01-05
157.2563112317119,159.76345263527867,156.46353583970193,159.68417358398438,3321700.0,0.0,0.0,IBM,2024-01-08
158.5544794906645,159.03013869527513,158.0689009536883,158.63375854492188,2617200.0,0.0,0.0,IBM,2024-01-09
158.8319470177628,159.88236801444216,158.2968323080909,159.7733612060547,2967800.0,0.0,0.0,IBM,2024-01-10
159.56526153584463,160.76432126670255,158.84184586781132,160.69496154785156,3778200.0,0.0,0.0,IBM,2024-01-11
161.4976441473909,164.48044477394473,160.88325039357932,164.3020782470703,4956400.0,0.0,0.0,IBM,2024-01-12
164.30207556356754,165.73897245000887,163.8462248007786,165.45159912109375,4869600.0,0.0,0.0,IBM,2024-01-16
165.28312107051508,166.30382939723842,164.00478229076427,164.5795440673828,4288600.0,0.0,0.0,IBM,2024-01-17
164.98584328405312,165.48132600926337,163.5489312841971,165.33267211914062,3776900.0,0.0,0.0,IBM,2024-01-18
169.04879694630395,170.029858211222,167.6515319959176,169.93075561523438,6925800.0,0.0,0.0,IBM,2024-01-19
171.25866573478078,172.87392922477758,170.84244691649585,171.26856994628906,4926000.0,0.0,0.0,IBM,2024-01-22
171.33793292033093,172.44782458859805,170.92172921508094,172.36854553222656,3983500.0,0.0,0.0,IBM,2024-01-23
173.1811151918784,173.2802177844466,171.33791886501163,172.35861206054688,9097800.0,0.0,0.0,IBM,2024-01-24
183.28898169010958,195.12109681043623,183.1601513391121,188.7095489501953,29596200.0,0.0,0.0,IBM,2024-01-25
189.58160065885215,190.65184517538938,184.47813456330846,185.72674560546875,9895900.0,0.0,0.0,IBM,2024-01-26
185.76639599759557,187.74832696254154,184.36913103828468,185.44927978515625,6107900.0,0.0,0.0,IBM,2024-01-29
186.0141407276706,186.94563559643427,185.0826307379734,186.1726837158203,4575100.0,0.0,0.0,IBM,2024-01-30
185.3600894150518,185.954659609183,181.48541089809274,182.00071716308594,8876100.0,0.0,0.0,IBM,2024-01-31
181.9709948271692,185.81593058400927,181.05930840561194,185.21144104003906,4669400.0,0.0,0.0,IBM,2024-02-01
185.40964290330658,185.69701623239396,183.9430031410596,184.11146545410156,4054200.0,0.0,0.0,IBM,2024-02-02
183.8340079824014,184.10157290638742,181.60433556469692,181.7628936767578,4379600.0,0.0,0.0,IBM,2024-02-05
181.89172529143596,183.0115060533959,181.38632319586176,181.75299072265625,3337600.0,0.0,0.0,IBM,2024-02-06
181.6836065684708,182.35747095439683,180.9800295489008,182.0800018310547,4841200.0,0.0,0.0,IBM,2024-02-07
182.6300048828125,184.5500030517578,181.49000549316406,184.36000061035156,5161200.0,1.66,0.0,IBM,2024-02-08
184.44000244140625,187.17999267578125,183.85000610351562,186.33999633789062,5059400.0,0.0,0.0,IBM,2024-02-09
185.89999389648438,186.47999572753906,184.02999877929688,186.16000366210938,4722300.0,0.0,0.0,IBM,2024-02-12
280.364988754509,285.4679312604734,276.3478120227269,284.6487121582031,4305100.0,0.0,0.0,HD,2023-06-01
286.8793878458746,292.36725548574805,285.9614599768505,292.10076904296875,4514600.0,0.0,0.0,HD,2023-06-02
291.78490451229953,291.88361323243663,287.5900399406873,289.297607421875,3028800.0,0.0,0.0,HD,2023-06-05
288.03420778000225,293.068051179462,287.86639994729586,292.15997314453125,2855400.0,0.0,0.0,HD,2023-06-06
293.45300858772043,298.27958530026166,293.25559112988327,297.78607177734375,4842700.0,0.0,0.0,HD,2023-06-07
298.24008609487146,301.48741340423834,296.8878639054766,297.1839599609375,3757300.0,0.0,0.0,HD,2023-06-08
297.07537471523887,297.51951875846356,292.2586785020157,293.4924621582031,3485800.0,0.0,0.0,HD,2023-06-09
294.5288616219184,298.6842370108747,293.78859134465733,296.9569396972656,4456600.0,0.0,0.0,HD,2023-06-12
298.476952053961,300.174639660596,294.79536070474154,296.1870422363281,4043400.0,0.0,0.0,HD,2023-06-13
297.085262316365,298.62502210554214,291.7948117836384,295.8218688964844,4176000.0,0.0,0.0,HD,2023-06-14
296.9371831075747,299.49357928558953,295.69351951547543,298.10186767578125,4109700.0,0.0,0.0,HD,2023-06-15
300.3917725088238,302.01051113375837,296.24627747241493,296.483154296875,10808400.0,0.0,0.0,HD,2023-06-16
295.88104777625233,298.8223988298406,294.3610480131603,297.4997863769531,3371100.0,0.0,0.0,HD,2023-06-20
298.9408735478427,299.6318045216525,296.28576841149976,296.7990417480469,2713300.0,0.0,0.0,HD,2023-06-21
297.58862196280785,298.90135453749957,295.7132768039603,297.27276611328125,3052000.0,0.0,0.0,HD,2023-06-22
296.4239591769762,298.39801319900454,295.219785018672,296.9075927734375,8525900.0,0.0,0.0,HD,2023-06-23
298.74346990210375,305.1986046769224,298.06241887477483,303.895751953125,4440100.0,0.0,0.0,HD,2023-06-26
304.1523831770292,311.3675485916079,303.89577662360966,309.66986083984375,5342500.0,0.0,0.0,HD,2023-06-27
307.9524295778855,308.88023738442456,302.08948668195717,302.5336608886719,4025600.0,0.0,0.0,HD,2023-06-28
302.800113221673,304.1326055700042,300.08578922834556,303.8266296386719,3279700.0,0.0,0.0,HD,2023-06-29
305.5638005888531,307.3898065343984,304.30040725363904,306.6100769042969,3229900.0,0.0,0.0,HD,2023-06-30
305.76123106273326,307.36021002618713,304.89264245994985,305.99810791015625,1483300.0,0.0,0.0,HD,2023-07-03
306.4718788067194,308.2485153308428,305.9684854054928,306.7679748535156,2496000.0,0.0,0.0,HD,2023-07-05
302.8593447893094,303.9845699672415,297.62811401911256,298.10186767578125,4828300.0,0.0,0.0,HD,2023-07-06
298.0722530025142,301.66504548672816,296.9865474766665,298.8816223144531,2951100.0,0.0,0.0,HD,2023-07-07
299.2665924580324,306.5014869696698,299.2665924580324,306.2547302246094,3246700.0,0.0,0.0,HD,2023-07-10
308.8506111241665,310.4890795000912,306.70874935733366,309.59088134765625,2913800.0,0.0,0.0,HD,2023-07-11
312.2065235754292,317.0923195184641,311.9104275092892,313.40081787109375,5300500.0,0.0,0.0,HD,2023-07-12
313.9733018538353,314.28915773020924,309.40336192059635,310.5187072753906,3235600.0,0.0,0.0,HD,2023-07-13
310.7555745474253,312.7888477412163,310.14362263185154,312.39404296875,2941000.0,0.0,0.0,HD,2023-07-14
311.62415397487433,313.6969166215863,310.074514413705,311.9498596191406,2002500.0,0.0,0.0,HD,2023-07-17
310.4496146509393,314.1904555782315,308.08075577191386,312.65069580078125,2317000.0,0.0,0.0,HD,2023-07-18
312.88755044670694,315.78941215711365,312.5815744948052,315.33538818359375,2361400.0,0.0,0.0,HD,2023-07-19
316.18422319387105,317.2798388189237,313.7561452261514,314.950439453125,2101900.0,0.0,0.0,HD,2023-07-20
316.904752716867,317.7141220518393,315.345233254684,316.3125305175781,3672900.0,0.0,0.0,HD,2023-07-21
316.8060578616249,321.435216908179,316.7863281653983,320.892333984375,2621900.0,0.0,0.0,HD,2023-07-24
320.85285964982637,322.65910572483443,319.62892574228357,320.9120788574219,2890800.0,0.0,0.0,HD,2023-07-25
320.47778295150204,326.66643108702465,320.0336087751305,325.314208984375,3448100.0,0.0,0.0,HD,2023-07-26
327.406701607836,329.1142690775235,324.66276788786945,325.4326477050781,2608600.0,0.0,0.0,HD,2023-07-27
327.6929683122601,328.67999532524885,325.2254007797883,327.0711364746094,2268200.0,0.0,0.0,HD,2023-07-28
327.34747235379143,329.7360907563545,327.1796946453427,329.5090637207031,2690000.0,0.0,0.0,HD,2023-07-31
327.4560784911924,330.62442664325783,326.58748993471613,327.7620544433594,2547200.0,0.0,0.0,HD,2023-08-01
325.74852292325005,328.216090448385,323.6659103904396,324.2383728027344,2752600.0,0.0,0.0,HD,2023-08-02
323.42899997390884,327.791672565329,323.38954058153297,325.57086181640625,2451300.0,0.0,0.0,HD,2023-08-03
323.90278852526944,325.2451308058911,321.1094852075428,322.1952209472656,3591000.0,0.0,0.0,HD,2023-08-04
322.9650941257384,325.1365655602199,322.3531422092046,324.8996887207031,2111000.0,0.0,0.0,HD,2023-08-07
322.3432579821125,324.2679726424221,319.19466962680406,323.55731201171875,3272600.0,0.0,0.0,HD,2023-08-08
323.10328917225434,326.6269827336327,322.52094686641135,323.9521179199219,2698900.0,0.0,0.0,HD,2023-08-09
326.3703727244374,328.5813037097256,324.6726849688266,325.126708984375,3075100.0,0.0,0.0,HD,2023-08-10
324.25808742002033,327.2882674291741,324.0903097042508,326.8144836425781,3103000.0,0.0,0.0,HD,2023-08-11
327.1599458825203,329.45973555448717,324.1692554154531,325.6695556640625,3974800.0,0.0,0.0,HD,2023-08-14
327.45610166173293,333.7829486265453,324.2581135573583,327.8311767578125,5860900.0,0.0,0.0,HD,2023-08-15
328.30491004919895,333.4275824973201,327.37710227605777,328.7095947265625,3753900.0,0.0,0.0,HD,2023-08-16
329.4399749678739,331.29559045734163,322.817032553165,323.0341796875,3885100.0,0.0,0.0,HD,2023-08-17
320.843016754526,324.62334729829075,320.22118488136476,323.123046875,3471500.0,0.0,0.0,HD,2023-08-18
322.37286375248317,323.6165273718407,319.3032243385739,319.85595703125,3109700.0,0.0,0.0,HD,2023-08-21
321.050267988362,322.0767845233483,317.8523100821315,320.2705383300781,2582200.0,0.0,0.0,HD,2023-08-22
320.31000994828,322.6887487721407,319.87571563312105,321.8596496582031,2728000.0,0.0,0.0,HD,2023-08-23
320.9022063469634,324.7318758420147,318.1286629478338,318.405029296875,2490000.0,0.0,0.0,HD,2023-08-24
319.2341213835957,322.1063734422592,317.03307054797455,318.6715087890625,2418100.0,0.0,0.0,HD,2023-08-25
319.0071415563703,323.19212643820396,318.68140577505983,321.6819763183594,2099900.0,0.0,0.0,HD,2023-08-28
322.55056774849896,325.56098810568324,322.53080793026123,325.1069641113281,2628200.0,0.0,0.0,HD,2023-08-29
325.8122200270923,329.40806955641574,325.6830822847645,328.4246826171875,2256200.0,2.09,0.0,HD,2023-08-30
328.9908839785707,330.38153981369516,327.4810030884153,328.09686279296875,2914700.0,0.0,0.0,HD,2023-08-31
329.78555435886557,331.22589495983823,328.9313051242103,330.85833740234375,2317100.0,0.0,0.0,HD,2023-09-01
329.6266061263966,330.08352941429996,325.18642004870355,325.59368896484375,3141400.0,0.0,0.0,HD,2023-09-05
325.3453551241614,326.41813812478006,323.3884939232533,323.8255615234375,3199700.0,0.0,0.0,HD,2023-09-06
322.86202811616664,327.71942605740816,322.13688634932,326.22943115234375,2454000.0,0.0,0.0,HD,2023-09-07
325.3155657942049,327.2922827377794,324.5010279418885,326.5174865722656,2210300.0,0.0,0.0,HD,2023-09-08
327.09362542089383,327.6796864495854,325.38509670635983,326.17974853515625,2087800.0,0.0,0.0,HD,2023-09-11
324.6500180838605,326.5770806349157,323.7163158086513,324.10369873046875,2190500.0,0.0,0.0,HD,2023-09-12
323.8652962884996,325.7724727630731,322.8322246815919,323.70635986328125,2564300.0,0.0,0.0,HD,2023-09-13
325.20631651338186,328.0968800771548,323.1004314932281,327.4313659667969,2707600.0,0.0,0.0,HD,2023-09-14
325.1367519650552,326.97441835315595,318.1933553116169,319.2562255859375,7112600.0,0.0,0.0,HD,2023-09-15
318.0245105661328,319.5045624452411,314.79618832875946,315.14385986328125,2740400.0,0.0,0.0,HD,2023-09-18
313.8425938686061,314.816037769129,310.2566571681653,312.5115051269531,2776500.0,0.0,0.0,HD,2023-09-19
312.89893002927477,314.23993150649073,308.7269321699415,308.7865295410156,2320000.0,0.0,0.0,HD,2023-09-20
307.3362729456068,308.16075375978255,304.3165414835833,304.7138977050781,2766500.0,0.0,0.0,HD,2023-09-21
304.1178899683177,305.59794183901084,303.4225469032276,303.6907653808594,2289200.0,0.0,0.0,HD,2023-09-22
302.4789048623624,305.2403608385638,302.4789048623624,304.4456787109375,1882300.0,0.0,0.0,HD,2023-09-25
302.48883819178434,303.77024236914156,299.61813027875763,300.5220642089844,2655500.0,0.0,0.0,HD,2023-09-26
300.97897631940344,302.1908400768808,297.899647396565,299.8068542480469,2513900.0,0.0,0.0,HD,2023-09-27
299.65786076334746,302.83649842987546,298.7439838668806,301.4656982421875,2369600.0,0.0,0.0,HD,2023-09-28
302.91599143474093,303.6311902374071,297.82020375499746,300.14459228515625,3502600.0,0.0,0.0,HD,2023-09-29
298.51550874027026,301.42598856245166,296.4692514472842,297.8301086425781,2806800.0,0.0,0.0,HD,2023-10-02
295.92291760119423,296.31030050342457,288.1352147319658,289.99273681640625,3609200.0,0.0,0.0,HD,2023-10-03
291.40325924972166,292.24759576906587,288.42326940311216,290.43975830078125,2956300.0,0.0,0.0,HD,2023-10-04
290.0523508786907,290.71789529593264,288.30408043318045,289.7543640136719,2469300.0,0.0,0.0,HD,2023-10-05
288.82062505874364,292.5754110454336,285.4731079879622,290.86688232421875,2922000.0,0.0,0.0,HD,2023-10-06
288.3636759119039,293.55880252745436,287.7478161855607,293.3899230957031,1929900.0,0.0,0.0,HD,2023-10-09
294.71105862480937,298.6645226494382,293.20120804800814,297.22418212890625,3116300.0,0.0,0.0,HD,2023-10-10
297.7407112515992,298.84332326583217,293.9263278590025,296.0619812011719,2292800.0,0.0,0.0,HD,2023-10-11
295.71432828843876,295.71432828843876,288.83052892795234,291.0655212402344,2546400.0,0.0,0.0,HD,2023-10-12
290.9860860546981,292.7641552024768,288.94977172628813,289.972900390625,2092700.0,0.0,0.0,HD,2023-10-13
292.46612054025906,296.3798428430889,291.6217840469844,295.3467712402344,2567000.0,0.0,0.0,HD,2023-10-16
294.7110619070717,296.36990592867306,292.5356669164253,293.966064453125,2139700.0,0.0,0.0,HD,2023-10-17
291.04567753147444,291.37346307926055,287.64847573884066,288.3040771484375,2720100.0,0.0,0.0,HD,2023-10-18
289.05900469719785,289.3967332299517,284.50956703360464,284.8572082519531,3028600.0,0.0,0.0,HD,2023-10-19
283.9532841297382,285.26448693528744,281.7182917487438,284.4996337890625,2884000.0,0.0,0.0,HD,2023-10-20
283.9135765719019,286.32736110043555,282.43349431729087,283.1685791015625,2590900.0,0.0,0.0,HD,2023-10-23
284.8274332127572,285.98964264567815,280.1488574218207,281.4203186035156,2705200.0,0.0,0.0,HD,2023-10-24
279.8707207169529,281.3408599943714,277.33774140395343,279.0561828613281,2962800.0,0.0,0.0,HD,2023-10-25
278.65884495403606,281.3507605851393,275.8973889522415,276.1457214355469,3108200.0,0.0,0.0,HD,2023-10-26
277.11920826075954,277.80460837091243,272.43068955059584,274.6159973144531,2907300.0,0.0,0.0,HD,2023-10-27
275.6192459827613,280.4369020154201,275.1126380380214,279.6025085449219,3074400.0,0.0,0.0,HD,2023-10-30
280.7051082104352,283.4963629575175,279.74157694198874,282.7911071777344,3036000.0,0.0,0.0,HD,2023-10-31
283.685098523749,284.9168179688201,280.1389033051207,284.7181701660156,2747300.0,0.0,0.0,HD,2023-11-01
288.314009358876,292.6945979449572,288.065676878808,292.5654602050781,3628000.0,0.0,0.0,HD,2023-11-02
292.2177901112782,295.8235825898907,292.2078774255625,293.63824462890625,3071100.0,0.0,0.0,HD,2023-11-03
292.7839861973153,294.4627161429578,291.26419267236344,292.6051940917969,2890300.0,0.0,0.0,HD,2023-11-06
292.6449270929519,294.02567029812434,291.60194275297727,292.8038635253906,2629000.0,0.0,0.0,HD,2023-11-07
293.06211934754265,296.02225336423834,292.148242500864,293.9461975097656,2454900.0,0.0,0.0,HD,2023-11-08
290.0026933408937,290.7874021815542,285.7611550195916,285.94989013671875,4059100.0,0.0,0.0,HD,2023-11-09
287.3008364020874,289.64508056640625,284.87710886479425,289.64508056640625,3653500.0,0.0,0.0,HD,2023-11-10
285.8704284030957,287.99613868524784,285.3240787544037,286.1485595703125,4586700.0,0.0,0.0,HD,2023-11-13
298.8830525799568,306.18400320166455,298.1380551439439,301.6047668457031,7952800.0,0.0,0.0,HD,2023-11-14
302.0716529168279,306.8694233810406,301.9822568563298,306.1343688964844,3985900.0,0.0,0.0,HD,2023-11-15
303.83976427485146,305.8959645082691,302.3000846927267,304.3960266113281,3114000.0,0.0,0.0,HD,2023-11-16
306.4422962802361,306.6508870863735,303.4126519920545,305.2204895019531,2770300.0,0.0,0.0,HD,2023-11-17
305.14103891669475,307.6045081796221,303.7006983203897,306.1343688964844,3459000.0,0.0,0.0,HD,2023-11-20
303.5318520546904,304.02851704925683,300.3233852767421,303.3033752441406,2977200.0,0.0,0.0,HD,2023-11-21
305.3397094835309,307.79320537144247,304.4357755866045,307.13763427734375,2873500.0,0.0,0.0,HD,2023-11-22
307.11774360180584,309.3030815956145,306.253551404171,308.62762451171875,1259900.0,0.0,0.0,HD,2023-11-24
308.6176840874956,310.80302209954266,307.68395151089584,308.8461608886719,2992600.0,0.0,0.0,HD,2023-11-27
308.6375374055578,312.4817194260545,307.3263649224131,311.25,3116900.0,0.0,0.0,HD,2023-11-28
314.05999755859375,314.05999755859375,310.9100036621094,311.0199890136719,3083800.0,2.09,0.0,HD,2023-11-29
312.5400085449219,313.760009765625,308.5899963378906,313.489990234375,4493700.0,0.0,0.0,HD,2023-11-30
313.8299865722656,320.1000061035156,313.0,319.6199951171875,3613600.0,0.0,0.0,HD,2023-12-01
319.6199951171875,325.0799865722656,318.9599914550781,324.0199890136719,3827900.0,0.0,0.0,HD,2023-12-04
322.0,323.9200134277344,320.010009765625,323.5,3269800.0,0.0,0.0,HD,2023-12-05
325.0,328.30999755859375,324.2099914550781,326.1099853515625,3030800.0,0.0,0.0,HD,2023-12-06
326.1099853515625,327.4100036621094,324.67999267578125,326.1700134277344,2742300.0,0.0,0.0,HD,2023-12-07
326.0,327.2799987792969,325.05999755859375,326.4700012207031,2889300.0,0.0,0.0,HD,2023-12-08
329.80999755859375,332.0899963378906,328.80999755859375,331.3299865722656,3520700.0,0.0,0.0,HD,2023-12-11
330.44000244140625,334.5199890136719,330.32000732421875,333.20001220703125,2893400.0,0.0,0.0,HD,2023-12-12
334.8999938964844,343.8399963378906,331.9100036621094,343.3999938964844,5822700.0,0.0,0.0,HD,2023-12-13
349.739990234375,353.07000732421875,348.0,351.80999755859375,7594800.0,0.0,0.0,HD,2023-12-14
348.2200012207031,354.3800048828125,346.75,354.0,11212800.0,0.0,0.0,HD,2023-12-15
353.7099914550781,354.9200134277344,350.32000732421875,350.80999755859375,4420500.0,0.0,0.0,HD,2023-12-18
351.4599914550781,352.9599914550781,350.3999938964844,352.07000732421875,4654700.0,0.0,0.0,HD,2023-12-19
351.0,354.7699890136719,348.30999755859375,348.6600036621094,3259500.0,0.0,0.0,HD,2023-12-20
351.8699951171875,352.25,347.0,348.9700012207031,2794200.0,0.0,0.0,HD,2023-12-21
349.0400085449219,351.3399963378906,346.69000244140625,348.5899963378906,2029900.0,0.0,0.0,HD,2023-12-22
348.42999267578125,350.0899963378906,348.1600036621094,349.30999755859375,1585500.0,0.0,0.0,HD,2023-12-26
349.9100036621094,350.0,347.17999267578125,348.5299987792969,2764300.0,0.0,0.0,HD,2023-12-27
348.5,349.0400085449219,345.79998779296875,347.3599853515625,2859400.0,0.0,0.0,HD,2023-12-28
345.8299865722656,347.54998779296875,343.0199890136719,346.54998779296875,10325700.0,0.0,0.0,HD,2023-12-29
344.2099914550781,347.29998779296875,343.2200012207031,345.0799865722656,2833600.0,0.0,0.0,HD,2024-01-02
342.4800109863281,342.70001220703125,336.5899963378906,338.260009765625,3309600.0,0.0,0.0,HD,2024-01-03
339.92999267578125,342.9200134277344,338.5400085449219,338.5899963378906,3652400.0,0.0,0.0,HD,2024-01-04
337.8699951171875,343.8299865722656,337.82000732421875,342.94000244140625,2664000.0,0.0,0.0,HD,2024-01-05
343.42999267578125,348.4599914550781,343.25,347.92999267578125,2736200.0,0.0,0.0,HD,2024-01-08
345.80999755859375,349.1099853515625,345.25,346.19000244140625,2338100.0,0.0,0.0,HD,2024-01-09
350.6199951171875,356.8599853515625,350.30999755859375,356.79998779296875,4109300.0,0.0,0.0,HD,2024-01-10
357.0899963378906,361.0,353.260009765625,356.5299987792969,3530400.0,0.0,0.0,HD,2024-01-11
358.5299987792969,358.5299987792969,353.42999267578125,355.7099914550781,1956100.0,0.0,0.0,HD,2024-01-12
358.05999755859375,359.6499938964844,356.2099914550781,358.42999267578125,3669400.0,0.0,0.0,HD,2024-01-16
356.6300048828125,359.760009765625,354.04998779296875,355.70001220703125,2646100.0,0.0,0.0,HD,2024-01-17
356.1199951171875,358.7099914550781,354.0299987792969,357.8999938964844,2510700.0,0.0,0.0,HD,2024-01-18
358.80999755859375,362.9599914550781,356.2799987792969,362.4100036621094,3233600.0,0.0,0.0,HD,2024-01-19
359.3599853515625,361.4599914550781,355.69000244140625,356.69000244140625,4003700.0,0.0,0.0,HD,2024-01-22
355.8500061035156,355.8800048828125,349.05999755859375,350.7799987792969,3878400.0,0.0,0.0,HD,2024-01-23
351.94000244140625,352.8699951171875,347.07000732421875,347.2699890136719,3474400.0,0.0,0.0,HD,2024-01-24
352.5899963378906,352.8800048828125,348.260009765625,350.9700012207031,3064200.0,0.0,0.0,HD,2024-01-25
351.4700012207031,357.04998779296875,351.0199890136719,355.29998779296875,3177700.0,0.0,0.0,HD,2024-01-26
355.1499938964844,356.3699951171875,353.010009765625,355.70001220703125,2732000.0,0.0,0.0,HD,2024-01-29
354.5,358.92999267578125,354.0400085449219,357.1000061035156,2336500.0,0.0,0.0,HD,2024-01-30
357.9200134277344,358.9800109863281,352.3500061035156,352.9599914550781,3377900.0,0.0,0.0,HD,2024-01-31
353.3999938964844,360.1400146484375,352.32000732421875,360.07000732421875,2439100.0,0.0,0.0,HD,2024-02-01
354.17999267578125,359.54998779296875,350.0199890136719,357.2300109863281,3697600.0,0.0,0.0,HD,2024-02-02
353.6600036621094,356.07000732421875,350.760009765625,355.1400146484375,2653800.0,0.0,0.0,HD,2024-02-05
354.8500061035156,358.0,354.29998779296875,356.25,2045300.0,0.0,0.0,HD,2024-02-06
358.4800109863281,363.7300109863281,357.7200012207031,362.69000244140625,3272200.0,0.0,0.0,HD,2024-02-07
362.8599853515625,365.6499938964844,361.6499938964844,363.7200012207031,2521900.0,0.0,0.0,HD,2024-02-08
364.1300048828125,364.42999267578125,360.79998779296875,363.1499938964844,2389900.0,0.0,0.0,HD,2024-02-09
364.2200012207031,368.7200012207031,364.04998779296875,365.45001220703125,3119100.0,0.0,0.0,HD,2024-02-12
34.54999923706055,35.20000076293945,33.25,34.66999816894531,1026400.0,0.0,0.0,ARWR,2023-06-01
35.4900016784668,36.06999969482422,34.560001373291016,36.04999923706055,942400.0,0.0,0.0,ARWR,2023-06-02
35.4900016784668,36.16999816894531,34.970001220703125,35.0,710300.0,0.0,0.0,ARWR,2023-06-05
35.13999938964844,36.34199905395508,34.95000076293945,36.119998931884766,670100.0,0.0,0.0,ARWR,2023-06-06
36.189998626708984,36.75,35.380001068115234,36.459999084472656,695500.0,0.0,0.0,ARWR,2023-06-07
36.380001068115234,36.779998779296875,35.560001373291016,35.70000076293945,601600.0,0.0,0.0,ARWR,2023-06-08
35.81999969482422,36.02000045776367,35.08000183105469,35.31999969482422,491700.0,0.0,0.0,ARWR,2023-06-09
35.709999084472656,35.779998779296875,34.88999938964844,35.380001068115234,662500.0,0.0,0.0,ARWR,2023-06-12
35.5099983215332,35.93000030517578,35.15999984741211,35.25,656200.0,0.0,0.0,ARWR,2023-06-13
35.209999084472656,35.58000183105469,34.7599983215332,35.34000015258789,959600.0,0.0,0.0,ARWR,2023-06-14
35.150001525878906,35.81999969482422,34.529998779296875,35.7400016784668,747000.0,0.0,0.0,ARWR,2023-06-15
36.599998474121094,36.61899948120117,35.220001220703125,35.400001525878906,2419900.0,0.0,0.0,ARWR,2023-06-16
35.09000015258789,35.97999954223633,34.7599983215332,35.77000045776367,1107800.0,0.0,0.0,ARWR,2023-06-20
35.47999954223633,35.900001525878906,34.834999084472656,35.529998779296875,775900.0,0.0,0.0,ARWR,2023-06-21
35.58000183105469,35.959999084472656,35.0,35.54999923706055,476500.0,0.0,0.0,ARWR,2023-06-22
35.209999084472656,35.720001220703125,34.95000076293945,35.2400016784668,992000.0,0.0,0.0,ARWR,2023-06-23
35.150001525878906,35.41999816894531,34.90999984741211,35.18000030517578,634500.0,0.0,0.0,ARWR,2023-06-26
35.5,36.4900016784668,34.81999969482422,36.08000183105469,1307100.0,0.0,0.0,ARWR,2023-06-27
36.2599983215332,37.369998931884766,35.4900016784668,36.91999816894531,1010400.0,0.0,0.0,ARWR,2023-06-28
36.86000061035156,37.150001525878906,35.814998626708984,35.93000030517578,774200.0,0.0,0.0,ARWR,2023-06-29
36.0099983215332,36.04499816894531,35.0,35.65999984741211,1194000.0,0.0,0.0,ARWR,2023-06-30
35.65999984741211,35.939998626708984,34.90999984741211,35.20000076293945,605100.0,0.0,0.0,ARWR,2023-07-03
35.099998474121094,35.54999923706055,34.79999923706055,35.150001525878906,1420500.0,0.0,0.0,ARWR,2023-07-05
34.79999923706055,34.939998626708984,33.81999969482422,34.540000915527344,889500.0,0.0,0.0,ARWR,2023-07-06
34.40999984741211,34.84000015258789,33.0099983215332,33.31999969482422,1277700.0,0.0,0.0,ARWR,2023-07-07
33.099998474121094,34.119998931884766,32.72999954223633,33.97999954223633,1148000.0,0.0,0.0,ARWR,2023-07-10
33.91999816894531,34.41999816894531,33.34000015258789,34.290000915527344,692100.0,0.0,0.0,ARWR,2023-07-11
34.869998931884766,34.869998931884766,33.814998626708984,33.91999816894531,726100.0,0.0,0.0,ARWR,2023-07-12
34.09000015258789,34.77000045776367,33.83000183105469,34.4900016784668,625800.0,0.0,0.0,ARWR,2023-07-13
34.599998474121094,34.66999816894531,34.130001068115234,34.599998474121094,993900.0,0.0,0.0,ARWR,2023-07-14
34.400001525878906,35.70000076293945,34.400001525878906,34.70000076293945,1189800.0,0.0,0.0,ARWR,2023-07-17
34.70000076293945,35.16999816894531,34.57500076293945,34.9900016784668,693800.0,0.0,0.0,ARWR,2023-07-18
35.25,35.41999816894531,34.27000045776367,34.56999969482422,514600.0,0.0,0.0,ARWR,2023-07-19
34.75,35.400001525878906,34.5099983215332,34.81999969482422,674200.0,0.0,0.0,ARWR,2023-07-20
35.310001373291016,36.1150016784668,34.84000015258789,36.08000183105469,964200.0,0.0,0.0,ARWR,2023-07-21
35.9900016784668,36.43000030517578,34.847999572753906,35.060001373291016,762300.0,0.0,0.0,ARWR,2023-07-24
34.869998931884766,35.69499969482422,34.869998931884766,35.619998931884766,676900.0,0.0,0.0,ARWR,2023-07-25
35.689998626708984,36.0,35.04999923706055,35.099998474121094,840700.0,0.0,0.0,ARWR,2023-07-26
35.34000015258789,36.27000045776367,35.20500183105469,35.83000183105469,1337300.0,0.0,0.0,ARWR,2023-07-27
36.06999969482422,36.20000076293945,35.02000045776367,35.130001068115234,599400.0,0.0,0.0,ARWR,2023-07-28
35.130001068115234,35.689998626708984,34.349998474121094,34.52000045776367,620200.0,0.0,0.0,ARWR,2023-07-31
34.369998931884766,34.459999084472656,33.52000045776367,33.68000030517578,1110100.0,0.0,0.0,ARWR,2023-08-01
33.2599983215332,33.59000015258789,32.630001068115234,32.970001220703125,876900.0,0.0,0.0,ARWR,2023-08-02
32.849998474121094,32.915000915527344,32.095001220703125,32.31999969482422,745500.0,0.0,0.0,ARWR,2023-08-03
32.310001373291016,32.7400016784668,31.56999969482422,31.649999618530273,663500.0,0.0,0.0,ARWR,2023-08-04
31.649999618530273,31.790000915527344,30.709999084472656,30.809999465942383,765100.0,0.0,0.0,ARWR,2023-08-07
29.6299991607666,29.649999618530273,26.93000030517578,27.489999771118164,2687500.0,0.0,0.0,ARWR,2023-08-08
27.5,29.364999771118164,27.280000686645508,29.010000228881836,1488300.0,0.0,0.0,ARWR,2023-08-09
29.010000228881836,29.3700008392334,28.649999618530273,28.969999313354492,769400.0,0.0,0.0,ARWR,2023-08-10
28.790000915527344,29.190000534057617,28.559999465942383,28.850000381469727,667700.0,0.0,0.0,ARWR,2023-08-11
28.559999465942383,29.729999542236328,28.0,29.389999389648438,911300.0,0.0,0.0,ARWR,2023-08-14
29.149999618530273,29.700000762939453,28.915000915527344,29.350000381469727,583800.0,0.0,0.0,ARWR,2023-08-15
29.260000228881836,29.260000228881836,28.809999465942383,28.950000762939453,610600.0,0.0,0.0,ARWR,2023-08-16
28.950000762939453,29.18000030517578,28.700000762939453,29.020000457763672,532800.0,0.0,0.0,ARWR,2023-08-17
28.760000228881836,29.020000457763672,28.235000610351562,28.260000228881836,655200.0,0.0,0.0,ARWR,2023-08-18
28.260000228881836,29.15999984741211,27.770000457763672,28.68000030517578,685400.0,0.0,0.0,ARWR,2023-08-21
28.68000030517578,28.899999618530273,28.18000030517578,28.3799991607666,635000.0,0.0,0.0,ARWR,2023-08-22
28.43000030517578,29.040000915527344,28.43000030517578,28.6200008392334,474800.0,0.0,0.0,ARWR,2023-08-23
28.6299991607666,28.860000610351562,27.989999771118164,28.040000915527344,569300.0,0.0,0.0,ARWR,2023-08-24
27.850000381469727,28.299999237060547,26.829999923706055,27.90999984741211,1089800.0,0.0,0.0,ARWR,2023-08-25
27.93000030517578,28.1299991607666,27.334999084472656,27.65999984741211,695400.0,0.0,0.0,ARWR,2023-08-28
27.690000534057617,27.690000534057617,26.940000534057617,27.149999618530273,1161900.0,0.0,0.0,ARWR,2023-08-29
27.149999618530273,27.540000915527344,26.760000228881836,26.84000015258789,942800.0,0.0,0.0,ARWR,2023-08-30
26.780000686645508,28.014999389648438,26.780000686645508,27.639999389648438,1299500.0,0.0,0.0,ARWR,2023-08-31
27.780000686645508,28.399999618530273,27.75,27.959999084472656,794100.0,0.0,0.0,ARWR,2023-09-01
27.739999771118164,28.510000228881836,27.6200008392334,28.030000686645508,765300.0,0.0,0.0,ARWR,2023-09-05
28.18000030517578,29.290000915527344,27.725000381469727,29.219999313354492,851300.0,0.0,0.0,ARWR,2023-09-06
29.0,30.479999542236328,28.81999969482422,30.219999313354492,1086900.0,0.0,0.0,ARWR,2023-09-07
30.25,30.700000762939453,29.780000686645508,29.899999618530273,723100.0,0.0,0.0,ARWR,2023-09-08
30.25,30.579999923706055,29.1299991607666,29.239999771118164,1067100.0,0.0,0.0,ARWR,2023-09-11
29.1299991607666,29.395000457763672,28.55500030517578,29.100000381469727,811500.0,0.0,0.0,ARWR,2023-09-12
29.110000610351562,29.700000762939453,29.059999465942383,29.34000015258789,732700.0,0.0,0.0,ARWR,2023-09-13
29.549999237060547,31.139999389648438,29.309999465942383,30.540000915527344,1437800.0,0.0,0.0,ARWR,2023-09-14
30.59000015258789,30.729999542236328,28.8799991607666,28.920000076293945,2384800.0,0.0,0.0,ARWR,2023-09-15
28.940000534057617,29.049999237060547,27.510000228881836,28.1299991607666,986400.0,0.0,0.0,ARWR,2023-09-18
28.020000457763672,28.020000457763672,27.15999984741211,27.229999542236328,694800.0,0.0,0.0,ARWR,2023-09-19
27.25,27.489999771118164,26.889999389648438,27.010000228881836,897400.0,0.0,0.0,ARWR,2023-09-20
26.780000686645508,27.6299991607666,26.510000228881836,27.229999542236328,790200.0,0.0,0.0,ARWR,2023-09-21
27.280000686645508,27.635000228881836,27.040000915527344,27.239999771118164,595600.0,0.0,0.0,ARWR,2023-09-22
26.979999542236328,27.1200008392334,26.3700008392334,26.670000076293945,648400.0,0.0,0.0,ARWR,2023-09-25
26.75,27.31999969482422,26.18000030517578,26.200000762939453,1062100.0,0.0,0.0,ARWR,2023-09-26
26.3700008392334,26.65999984741211,26.082000732421875,26.389999389648438,668900.0,0.0,0.0,ARWR,2023-09-27
26.329999923706055,27.309999465942383,26.040000915527344,26.93000030517578,760100.0,0.0,0.0,ARWR,2023-09-28
27.1299991607666,27.420000076293945,26.344999313354492,26.8700008392334,806800.0,0.0,0.0,ARWR,2023-09-29
26.520000457763672,26.780000686645508,25.940000534057617,26.25,1344200.0,0.0,0.0,ARWR,2023-10-02
26.06999969482422,26.1200008392334,24.649999618530273,25.15999984741211,1091300.0,0.0,0.0,ARWR,2023-10-03
25.260000228881836,25.579999923706055,23.6299991607666,23.770000457763672,1281500.0,0.0,0.0,ARWR,2023-10-04
23.479999542236328,25.56999969482422,23.440000534057617,25.549999237060547,1647700.0,0.0,0.0,ARWR,2023-10-05
25.25,25.799999237060547,25.010000228881836,25.190000534057617,639800.0,0.0,0.0,ARWR,2023-10-06
24.969999313354492,25.100000381469727,24.190000534057617,24.969999313354492,636800.0,0.0,0.0,ARWR,2023-10-09
24.8700008392334,25.65999984741211,24.520000457763672,25.6299991607666,1027300.0,0.0,0.0,ARWR,2023-10-10
25.440000534057617,26.489999771118164,25.34000015258789,26.459999084472656,1718300.0,0.0,0.0,ARWR,2023-10-11
26.540000915527344,26.600000381469727,25.850000381469727,25.8799991607666,1478700.0,0.0,0.0,ARWR,2023-10-12
26.0,26.729999542236328,25.885000228881836,26.600000381469727,1003600.0,0.0,0.0,ARWR,2023-10-13
26.760000228881836,26.84000015258789,25.989999771118164,26.510000228881836,880200.0,0.0,0.0,ARWR,2023-10-16
25.93000030517578,27.68000030517578,25.8799991607666,27.020000457763672,1239100.0,0.0,0.0,ARWR,2023-10-17
26.81999969482422,27.139999389648438,25.780000686645508,25.989999771118164,1040300.0,0.0,0.0,ARWR,2023-10-18
26.030000686645508,26.170000076293945,25.229999542236328,25.350000381469727,1033400.0,0.0,0.0,ARWR,2023-10-19
25.479999542236328,26.420000076293945,25.360000610351562,25.440000534057617,967800.0,0.0,0.0,ARWR,2023-10-20
25.200000762939453,25.3799991607666,24.65999984741211,24.690000534057617,802100.0,0.0,0.0,ARWR,2023-10-23
24.920000076293945,25.420000076293945,24.790000915527344,25.030000686645508,580900.0,0.0,0.0,ARWR,2023-10-24
24.709999084472656,24.75,23.950000762939453,23.979999542236328,816900.0,0.0,0.0,ARWR,2023-10-25
24.09000015258789,24.43000030517578,23.670000076293945,24.399999618530273,866100.0,0.0,0.0,ARWR,2023-10-26
24.450000762939453,24.450000762939453,23.579999923706055,23.600000381469727,787500.0,0.0,0.0,ARWR,2023-10-27
23.780000686645508,24.329999923706055,22.950000762939453,23.219999313354492,1160300.0,0.0,0.0,ARWR,2023-10-30
23.030000686645508,24.764999389648438,22.8700008392334,24.59000015258789,1375800.0,0.0,0.0,ARWR,2023-10-31
25.3799991607666,26.40999984741211,24.579999923706055,25.790000915527344,1302700.0,0.0,0.0,ARWR,2023-11-01
26.510000228881836,26.670000076293945,25.579999923706055,26.15999984741211,821000.0,0.0,0.0,ARWR,2023-11-02
26.6200008392334,28.270000457763672,26.6200008392334,28.149999618530273,1257000.0,0.0,0.0,ARWR,2023-11-03
28.290000915527344,28.299999237060547,26.8799991607666,26.93000030517578,1219300.0,0.0,0.0,ARWR,2023-11-06
26.899999618530273,27.584999084472656,26.559999465942383,27.510000228881836,775400.0,0.0,0.0,ARWR,2023-11-07
27.270000457763672,28.059999465942383,27.020000457763672,27.09000015258789,842200.0,0.0,0.0,ARWR,2023-11-08
27.3700008392334,27.3700008392334,26.584999084472656,26.739999771118164,924300.0,0.0,0.0,ARWR,2023-11-09
27.030000686645508,27.229999542236328,26.239999771118164,26.959999084472656,916800.0,0.0,0.0,ARWR,2023-11-10
26.56999969482422,26.68000030517578,25.110000610351562,25.969999313354492,1201400.0,0.0,0.0,ARWR,2023-11-13
27.350000381469727,27.489999771118164,26.100000381469727,27.399999618530273,1664700.0,0.0,0.0,ARWR,2023-11-14
27.459999084472656,29.06999969482422,26.969999313354492,27.010000228881836,1157400.0,0.0,0.0,ARWR,2023-11-15
26.56999969482422,27.209999084472656,25.639999389648438,26.059999465942383,1022200.0,0.0,0.0,ARWR,2023-11-16
26.290000915527344,28.290000915527344,26.190000534057617,28.059999465942383,1302600.0,0.0,0.0,ARWR,2023-11-17
28.059999465942383,29.155000686645508,27.850000381469727,28.899999618530273,875200.0,0.0,0.0,ARWR,2023-11-20
28.530000686645508,28.75,28.0,28.3700008392334,713400.0,0.0,0.0,ARWR,2023-11-21
28.8799991607666,29.329999923706055,28.389999389648438,28.959999084472656,635100.0,0.0,0.0,ARWR,2023-11-22
28.979999542236328,29.700000762939453,28.770000457763672,29.1200008392334,306100.0,0.0,0.0,ARWR,2023-11-24
28.8799991607666,29.139999389648438,28.31999969482422,28.709999084472656,863700.0,0.0,0.0,ARWR,2023-11-27
28.389999389648438,29.100000381469727,27.920000076293945,28.920000076293945,705000.0,0.0,0.0,ARWR,2023-11-28
29.479999542236328,29.479999542236328,28.795000076293945,28.979999542236328,874800.0,0.0,0.0,ARWR,2023-11-29
28.110000610351562,28.31999969482422,21.15999984741211,21.200000762939453,5980400.0,0.0,0.0,ARWR,2023-11-30
21.549999237060547,23.239999771118164,20.670000076293945,23.170000076293945,4221000.0,0.0,0.0,ARWR,2023-12-01
23.329999923706055,24.93000030517578,23.200000762939453,24.93000030517578,2796200.0,0.0,0.0,ARWR,2023-12-04
24.559999465942383,24.725000381469727,23.399999618530273,23.43000030517578,1634400.0,0.0,0.0,ARWR,2023-12-05
23.700000762939453,23.93000030517578,23.360000610351562,23.790000915527344,1475700.0,0.0,0.0,ARWR,2023-12-06
23.790000915527344,24.93000030517578,23.510000228881836,24.530000686645508,1363900.0,0.0,0.0,ARWR,2023-12-07
24.440000534057617,25.100000381469727,23.920000076293945,23.950000762939453,912600.0,0.0,0.0,ARWR,2023-12-08
24.3700008392334,24.5,23.700000762939453,23.8700008392334,1109700.0,0.0,0.0,ARWR,2023-12-11
23.790000915527344,24.785999298095703,23.059999465942383,24.690000534057617,941800.0,0.0,0.0,ARWR,2023-12-12
24.6299991607666,26.93000030517578,24.540000915527344,26.899999618530273,1672900.0,0.0,0.0,ARWR,2023-12-13
27.530000686645508,29.280000686645508,27.530000686645508,28.549999237060547,1685100.0,0.0,0.0,ARWR,2023-12-14
28.639999389648438,29.479999542236328,27.729999542236328,28.549999237060547,3659200.0,0.0,0.0,ARWR,2023-12-15
28.59000015258789,28.93000030517578,27.34000015258789,27.940000534057617,870400.0,0.0,0.0,ARWR,2023-12-18
28.3799991607666,30.09000015258789,28.360000610351562,30.0,1636800.0,0.0,0.0,ARWR,2023-12-19
29.899999618530273,30.0,27.770000457763672,27.829999923706055,1085800.0,0.0,0.0,ARWR,2023-12-20
28.329999923706055,28.895000457763672,28.1200008392334,28.760000228881836,977400.0,0.0,0.0,ARWR,2023-12-21
29.0,30.440000534057617,28.959999084472656,30.350000381469727,945500.0,0.0,0.0,ARWR,2023-12-22
30.68000030517578,31.170000076293945,30.100000381469727,30.889999389648438,675400.0,0.0,0.0,ARWR,2023-12-26
31.049999237060547,31.549999237060547,30.530000686645508,31.030000686645508,667600.0,0.0,0.0,ARWR,2023-12-27
30.8799991607666,31.56999969482422,30.520000457763672,31.0,911100.0,0.0,0.0,ARWR,2023-12-28
31.219999313354492,31.68000030517578,30.549999237060547,30.600000381469727,815700.0,0.0,0.0,ARWR,2023-12-29
30.5,32.150001525878906,29.649999618530273,31.010000228881836,791900.0,0.0,0.0,ARWR,2024-01-02
32.650001525878906,34.30500030517578,31.149999618530273,31.969999313354492,6019500.0,0.0,0.0,ARWR,2024-01-03
32.630001068115234,34.79999923706055,32.59000015258789,34.529998779296875,5694000.0,0.0,0.0,ARWR,2024-01-04
33.88999938964844,35.9900016784668,33.31999969482422,35.599998474121094,2972800.0,0.0,0.0,ARWR,2024-01-05
35.099998474121094,39.529998779296875,34.369998931884766,39.47999954223633,5170100.0,0.0,0.0,ARWR,2024-01-08
38.90999984741211,39.64500045776367,37.2599983215332,38.06999969482422,2075600.0,0.0,0.0,ARWR,2024-01-09
38.2400016784668,39.83000183105469,37.709999084472656,39.45000076293945,1841600.0,0.0,0.0,ARWR,2024-01-10
39.220001220703125,39.540000915527344,37.36000061035156,37.5,2181900.0,0.0,0.0,ARWR,2024-01-11
37.619998931884766,37.619998931884766,35.560001373291016,36.43000030517578,1495100.0,0.0,0.0,ARWR,2024-01-12
36.029998779296875,36.029998779296875,34.31999969482422,35.09000015258789,1381400.0,0.0,0.0,ARWR,2024-01-16
34.400001525878906,34.77000045776367,33.47999954223633,34.060001373291016,1073700.0,0.0,0.0,ARWR,2024-01-17
34.38999938964844,34.38999938964844,32.709999084472656,33.15999984741211,1501000.0,0.0,0.0,ARWR,2024-01-18
33.31999969482422,34.150001525878906,32.900001525878906,33.75,996100.0,0.0,0.0,ARWR,2024-01-19
33.83000183105469,33.93000030517578,32.58000183105469,33.189998626708984,1409200.0,0.0,0.0,ARWR,2024-01-22
33.88999938964844,34.5,33.41999816894531,34.290000915527344,1233900.0,0.0,0.0,ARWR,2024-01-23
34.58000183105469,34.95000076293945,32.779998779296875,32.810001373291016,812900.0,0.0,0.0,ARWR,2024-01-24
33.0,33.869998931884766,32.86000061035156,33.41999816894531,678600.0,0.0,0.0,ARWR,2024-01-25
33.66999816894531,33.77000045776367,32.55500030517578,32.75,538800.0,0.0,0.0,ARWR,2024-01-26
32.619998931884766,34.459999084472656,31.989999771118164,34.400001525878906,751200.0,0.0,0.0,ARWR,2024-01-29
34.189998626708984,34.38999938964844,32.939998626708984,33.0099983215332,594500.0,0.0,0.0,ARWR,2024-01-30
32.90999984741211,33.36000061035156,31.790000915527344,32.099998474121094,872400.0,0.0,0.0,ARWR,2024-01-31
32.25,32.369998931884766,31.25,32.189998626708984,931200.0,0.0,0.0,ARWR,2024-02-01
31.520000457763672,32.15999984741211,30.649999618530273,31.959999084472656,869200.0,0.0,0.0,ARWR,2024-02-02
31.229999542236328,32.470001220703125,30.540000915527344,32.02000045776367,971800.0,0.0,0.0,ARWR,2024-02-05
31.93000030517578,33.29999923706055,31.5,33.20000076293945,1092600.0,0.0,0.0,ARWR,2024-02-06
31.75,31.920000076293945,29.5,31.649999618530273,3220100.0,0.0,0.0,ARWR,2024-02-07
31.93000030517578,32.56999969482422,30.760000228881836,30.850000381469727,1764100.0,0.0,0.0,ARWR,2024-02-08
30.93000030517578,32.67499923706055,30.6200008392334,32.560001373291016,1459800.0,0.0,0.0,ARWR,2024-02-09
32.560001373291016,33.02000045776367,31.469999313354492,32.2599983215332,1245100.0,0.0,0.0,ARWR,2024-02-12
